grade,area,axis,content_number,content_text,source_year
1,Ciencias Naturales,"Los seres vivos: unidad, diversidad, interacciones y cambios",1,"Reconocer las estructuras de las plantas con semillas: raíz, tallo, hojas, flores, frutos y semillas.",2026
1,Ciencias Naturales,"Los seres vivos: unidad, diversidad, interacciones y cambios",2,"Reconocer la estructura de los animales vertebrados: cabeza, tronco y extremidades.",2026
1,Ciencias Naturales,"Los seres vivos: unidad, diversidad, interacciones y cambios",3,"Distinguir las clases de vertebrados: peces, anfibios, reptiles, aves y mamíferos.",2026
1,Ciencias Naturales,"Los seres vivos: unidad, diversidad, interacciones y cambios",4,Aproximarse a la estructura anatómica del organismo humano y reconocer semejanzas y diferencias con otros vertebrados.,2026
1,Ciencias Naturales,"Los seres vivos: unidad, diversidad, interacciones y cambios",5,Acercarse al laboratorio escolar: reconocer necesidades mínimas y normas básicas de seguridad.,2026
1,Ciencias Naturales,"Los seres vivos: unidad, diversidad, interacciones y cambios",6,"Explorar materiales simples y seguros (lupas de mano, goteros, vasos plásticos y otros).",2026
1,Ciencias Naturales,"Los seres vivos: unidad, diversidad, interacciones y cambios",7,Valorar los aportes de las mujeres científicas en las ciencias biológicas y de la salud. [ESI],2026
1,Ciencias Naturales,"Los seres vivos: unidad, diversidad, interacciones y cambios",8,Reconocer la naturaleza y su diversidad biológica como patrimonio local y proponer acciones para su conservación. [EAI],2026
1,Ciencias Naturales,"Los seres vivos: unidad, diversidad, interacciones y cambios",9,Aproximarse a saberes interculturales sobre la flora y la fauna del entorno próximo. [EI],2026
1,Ciencias Naturales,"Materiales: composición, propiedades y cambios",10,Reconocer características de los sólidos.,2026
1,Ciencias Naturales,"Materiales: composición, propiedades y cambios",11,"Explorar propiedades físicas de los sólidos: propiedades organolépticas, maleabilidad, elasticidad y dureza.",2026
1,Ciencias Naturales,"Materiales: composición, propiedades y cambios",12,"Diferenciar materia, materiales y objetos; describir, comparar y clasificar materiales por origen, composición y usos.",2026
1,Ciencias Naturales,"Materiales: composición, propiedades y cambios",13,"Reconocer las principales familias de materiales: metales, plásticos, cerámicos y biomateriales.",2026
1,Ciencias Naturales,"Materiales: composición, propiedades y cambios",14,Explorar propiedades del agua y reconocer su relevancia en fenómenos naturales.,2026
1,Ciencias Naturales,"Materiales: composición, propiedades y cambios",15,"Reconocer usos, cuidados y significados culturales del agua. [EAI, EI]",2026
1,Ciencias Naturales,"Materiales: composición, propiedades y cambios",16,"Analizar usos de los materiales y su impacto en el entorno próximo; aproximarse a la cultura de las R. [EAI, CDP]",2026
1,Ciencias Naturales,"Los fenómenos del mundo físico: movimiento, fuerzas, energía, luz y sonido",17,Reconocer fenómenos mecánicos y diferenciar movimientos de rotación y traslación.,2026
1,Ciencias Naturales,"Los fenómenos del mundo físico: movimiento, fuerzas, energía, luz y sonido",18,Identificar movimientos en objetos del entorno cercano.,2026
1,Ciencias Naturales,"Los fenómenos del mundo físico: movimiento, fuerzas, energía, luz y sonido",19,Reconocer normas de seguridad y explorar materiales simples y seguros en actividades experimentales.,2026
1,Ciencias Naturales,"Los fenómenos del mundo físico: movimiento, fuerzas, energía, luz y sonido",20,Valorar los aportes de las mujeres científicas en el campo de la Física. [ESI],2026
1,Ciencias Naturales,"Los fenómenos del mundo físico: movimiento, fuerzas, energía, luz y sonido",21,"Reconocer cosmovisiones y saberes culturales acerca de la luz, el espacio y el tiempo. [EI]",2026
1,Ciencias Naturales,"La Tierra, el universo y sus cambios",22,Observar las formas y componentes de los paisajes.,2026
1,Ciencias Naturales,"La Tierra, el universo y sus cambios",23,"Clasificar paisajes: terrestre/celeste, marino/submarino, montaña/llanura y urbano/rural. [EAI]",2026
1,Ciencias Naturales,"La Tierra, el universo y sus cambios",24,Aproximarse a las nociones de horizonte y contorno.,2026
1,Ciencias Naturales,"La Tierra, el universo y sus cambios",25,"Identificar la Tierra y distinguir el Sol, la Luna y las estrellas.",2026
1,Ciencias Naturales,"La Tierra, el universo y sus cambios",26,Diferenciar el cielo diurno y nocturno. [EI],2026
1,Ciencias Naturales,"La Tierra, el universo y sus cambios",27,Valorar los aportes de las mujeres científicas en las ciencias de la Tierra y la Astronomía. [ESI],2026
1,Ciencias Naturales,"La Tierra, el universo y sus cambios",28,"Reconocer impactos de actividades humanas en paisajes cercanos y acciones para su cuidado. [EAI, CDP, EI]",2026
1,Ciencias Naturales,"La Tierra, el universo y sus cambios",29,Conocer formas de observación y representación del cielo en diversas culturas. [EI],2026
1,Ciencias Naturales,"Los seres vivos: unidad, diversidad, interacciones y cambios",30,"Reconocer animales domésticos —de compañía y de granja—, sus vínculos y cuidados. [EAI, EI]",2026
1,Ciencias Naturales,"Los seres vivos: unidad, diversidad, interacciones y cambios",31,"Comprender al ser humano como totalidad, con necesidades de afecto, cuidado y valoración. [ESI, ECD, EI]",2026
1,Ciencias Naturales,"Los seres vivos: unidad, diversidad, interacciones y cambios",32,"Aproximarse a la idea de salud y reconocer acciones de promoción y prevención: higiene, afecto, educación, vacunación, alimentación, descanso y recreación. [ESI, ECD, EI]",2026
1,Ciencias Naturales,"Los seres vivos: unidad, diversidad, interacciones y cambios",33,"Conocer y respetar la diversidad de los cuerpos. [ESI, EI]",2026
2,Ciencias Naturales,"Los seres vivos: unidad, diversidad, interacciones y cambios",1,"Clasificar plantas y animales según formas de vida, hábitat, esqueleto, alimentación, reproducción y temperatura corporal.",2026
2,Ciencias Naturales,"Los seres vivos: unidad, diversidad, interacciones y cambios",2,Reconocer roles de plantas y animales en los ecosistemas.,2026
2,Ciencias Naturales,"Los seres vivos: unidad, diversidad, interacciones y cambios",3,"Reconocer interacciones entre seres vivos: relaciones tróficas, parasitismo y comensalismo.",2026
2,Ciencias Naturales,"Los seres vivos: unidad, diversidad, interacciones y cambios",4,Relacionar adaptaciones anatómicas y comportamientos de plantas y animales con su alimentación y hábitat.,2026
2,Ciencias Naturales,"Los seres vivos: unidad, diversidad, interacciones y cambios",5,Reconocer movimientos de respuesta en plantas y animales: taxismos y tropismos.,2026
2,Ciencias Naturales,"Los seres vivos: unidad, diversidad, interacciones y cambios",6,"Reconocer cambios del organismo humano: peso, talla y dentición. [ESI]",2026
2,Ciencias Naturales,"Los seres vivos: unidad, diversidad, interacciones y cambios",7,Acercarse al laboratorio escolar: reconocer necesidades mínimas y normas básicas de seguridad.,2026
2,Ciencias Naturales,"Los seres vivos: unidad, diversidad, interacciones y cambios",8,"Explorar materiales simples y seguros (lupas de mano, goteros, vasos plásticos y otros).",2026
2,Ciencias Naturales,"Los seres vivos: unidad, diversidad, interacciones y cambios",9,Valorar los aportes de las mujeres científicas en las ciencias biológicas y de la salud. [ESI],2026
2,Ciencias Naturales,"Materiales: composición, propiedades y cambios",10,Reconocer características de los líquidos.,2026
2,Ciencias Naturales,"Materiales: composición, propiedades y cambios",11,"Explorar propiedades físicas de los líquidos: propiedades organolépticas, solubilidad y fluidez.",2026
2,Ciencias Naturales,"Materiales: composición, propiedades y cambios",12,"Diferenciar materia, materiales y objetos; describir, comparar y clasificar materiales por origen, composición y usos.",2026
2,Ciencias Naturales,"Materiales: composición, propiedades y cambios",13,"Reconocer las principales familias de materiales: metales, plásticos, cerámicos y biomateriales.",2026
2,Ciencias Naturales,"Materiales: composición, propiedades y cambios",14,Explorar propiedades del agua y reconocer su relevancia en fenómenos naturales.,2026
2,Ciencias Naturales,"Materiales: composición, propiedades y cambios",15,"Reconocer usos, cuidados y significados culturales del agua. [EAI, EI]",2026
2,Ciencias Naturales,"Materiales: composición, propiedades y cambios",16,"Analizar usos de los materiales y su impacto en el entorno próximo; aproximarse a la cultura de las R. [EAI, CDP]",2026
2,Ciencias Naturales,"Los fenómenos del mundo físico: movimiento, fuerzas, energía, luz y sonido",17,Reconocer trayectorias rectilíneas y curvilíneas de objetos en movimiento.,2026
2,Ciencias Naturales,"Los fenómenos del mundo físico: movimiento, fuerzas, energía, luz y sonido",18,"Reconocer la luz como fenómeno natural, identificar fuentes luminosas y diferenciar sombra de oscuridad.",2026
2,Ciencias Naturales,"Los fenómenos del mundo físico: movimiento, fuerzas, energía, luz y sonido",19,"Reconocer fenómenos sonoros, la producción de sonidos por percusión, vibración y fricción, y diferenciar sonido de ruido.",2026
2,Ciencias Naturales,"Los fenómenos del mundo físico: movimiento, fuerzas, energía, luz y sonido",20,Reconocer normas de seguridad y explorar materiales simples y seguros en actividades experimentales.,2026
2,Ciencias Naturales,"Los fenómenos del mundo físico: movimiento, fuerzas, energía, luz y sonido",21,Valorar los aportes de las mujeres científicas en el campo de la Física. [ESI],2026
2,Ciencias Naturales,"Los fenómenos del mundo físico: movimiento, fuerzas, energía, luz y sonido",22,"Reconocer cosmovisiones y saberes culturales acerca de la luz, el espacio y el tiempo. [EI]",2026
2,Ciencias Naturales,"La Tierra, el universo y sus cambios",23,Reconocer paisajes naturales continentales y oceánicos.,2026
2,Ciencias Naturales,"La Tierra, el universo y sus cambios",24,"Observar y describir geoformas: montañas, valles, volcanes y playas. [EAI]",2026
2,Ciencias Naturales,"La Tierra, el universo y sus cambios",25,Identificar puntos cardinales para orientarse y ubicar objetos en el paisaje. [EI],2026
2,Ciencias Naturales,"La Tierra, el universo y sus cambios",26,Identificar constelaciones. [EI],2026
2,Ciencias Naturales,"La Tierra, el universo y sus cambios",27,Relacionar el movimiento aparente del Sol y el día y la noche con la rotación terrestre. [EI],2026
2,Ciencias Naturales,"La Tierra, el universo y sus cambios",28,Observar variaciones en tamaño y dirección de las sombras. [EI],2026
2,Ciencias Naturales,"La Tierra, el universo y sus cambios",29,Valorar los aportes de las mujeres científicas en las ciencias de la Tierra y la Astronomía. [ESI],2026
2,Ciencias Naturales,"La Tierra, el universo y sus cambios",30,"Reconocer impactos de actividades humanas en paisajes cercanos y acciones para su cuidado. [EAI, CDP, EI]",2026
2,Ciencias Naturales,"La Tierra, el universo y sus cambios",31,Conocer formas de observación y representación del cielo en diversas culturas. [EI],2026
2,Ciencias Naturales,"Los seres vivos: unidad, diversidad, interacciones y cambios",32,Reconocer la naturaleza y su diversidad biológica como patrimonio local y proponer acciones para su conservación. [EAI],2026
2,Ciencias Naturales,"Los seres vivos: unidad, diversidad, interacciones y cambios",33,Aproximarse a saberes interculturales sobre la flora y la fauna del entorno próximo. [EI],2026
2,Ciencias Naturales,"Los seres vivos: unidad, diversidad, interacciones y cambios",34,"Reconocer animales domésticos —de compañía y de granja—, sus vínculos y cuidados. [EAI, EI]",2026
2,Ciencias Naturales,"Los seres vivos: unidad, diversidad, interacciones y cambios",35,"Comprender al ser humano como totalidad, con necesidades de afecto, cuidado y valoración. [ESI, ECD, EI]",2026
2,Ciencias Naturales,"Los seres vivos: unidad, diversidad, interacciones y cambios",36,"Aproximarse a la idea de salud y reconocer acciones de promoción y prevención: higiene, afecto, educación, vacunación, alimentación, descanso y recreación. [ESI, ECD, EI]",2026
2,Ciencias Naturales,"Los seres vivos: unidad, diversidad, interacciones y cambios",37,"Conocer y respetar la diversidad de los cuerpos. [ESI, EI]",2026
3,Ciencias Naturales,"Los seres vivos: unidad, diversidad, interacciones y cambios",1,Relacionar estructura y función del organismo humano.,2026
3,Ciencias Naturales,"Los seres vivos: unidad, diversidad, interacciones y cambios",2,Aproximarse a las funciones de nutrición y relación mediante situaciones cotidianas.,2026
3,Ciencias Naturales,"Los seres vivos: unidad, diversidad, interacciones y cambios",3,Acercarse al laboratorio escolar: reconocer necesidades mínimas y normas básicas de seguridad.,2026
3,Ciencias Naturales,"Los seres vivos: unidad, diversidad, interacciones y cambios",4,"Explorar materiales simples y seguros (lupas de mano, goteros, vasos plásticos y otros).",2026
3,Ciencias Naturales,"Los seres vivos: unidad, diversidad, interacciones y cambios",5,Valorar los aportes de las mujeres científicas en las ciencias biológicas y de la salud. [ESI],2026
3,Ciencias Naturales,"Los seres vivos: unidad, diversidad, interacciones y cambios",6,Reconocer la naturaleza y su diversidad biológica como patrimonio local y proponer acciones para su conservación. [EAI],2026
3,Ciencias Naturales,"Los seres vivos: unidad, diversidad, interacciones y cambios",7,Aproximarse a saberes interculturales sobre la flora y la fauna del entorno próximo. [EI],2026
3,Ciencias Naturales,"Los seres vivos: unidad, diversidad, interacciones y cambios",8,"Reconocer animales domésticos —de compañía y de granja—, sus vínculos y cuidados. [EAI, EI]",2026
3,Ciencias Naturales,"Los seres vivos: unidad, diversidad, interacciones y cambios",9,"Comprender al ser humano como totalidad, con necesidades de afecto, cuidado y valoración. [ESI, ECD, EI]",2026
3,Ciencias Naturales,"Los seres vivos: unidad, diversidad, interacciones y cambios",10,"Aproximarse a la idea de salud y reconocer acciones de promoción y prevención: higiene, afecto, educación, vacunación, alimentación, descanso y recreación. [ESI, ECD, EI]",2026
3,Ciencias Naturales,"Los seres vivos: unidad, diversidad, interacciones y cambios",11,"Conocer y respetar la diversidad de los cuerpos. [ESI, EI]",2026
3,Ciencias Naturales,"Materiales: composición, propiedades y cambios",12,Reconocer características de los gases.,2026
3,Ciencias Naturales,"Materiales: composición, propiedades y cambios",13,"Explorar propiedades físicas de los gases: propiedades organolépticas, compresibilidad y fluidez.",2026
3,Ciencias Naturales,"Materiales: composición, propiedades y cambios",14,"Diferenciar materia, materiales y objetos; describir, comparar y clasificar materiales por origen, composición y usos.",2026
3,Ciencias Naturales,"Materiales: composición, propiedades y cambios",15,"Reconocer las principales familias de materiales: metales, plásticos, cerámicos y biomateriales.",2026
3,Ciencias Naturales,"Materiales: composición, propiedades y cambios",16,Explorar propiedades del agua y reconocer su relevancia en fenómenos naturales.,2026
3,Ciencias Naturales,"Materiales: composición, propiedades y cambios",17,"Reconocer usos, cuidados y significados culturales del agua. [EAI, EI]",2026
3,Ciencias Naturales,"Los fenómenos del mundo físico: movimiento, fuerzas, energía, luz y sonido",18,Diferenciar calor y temperatura; reconocer procesos de calentamiento y enfriamiento.,2026
3,Ciencias Naturales,"Los fenómenos del mundo físico: movimiento, fuerzas, energía, luz y sonido",19,Aproximarse a los cambios de estado: fusión y solidificación.,2026
3,Ciencias Naturales,"Los fenómenos del mundo físico: movimiento, fuerzas, energía, luz y sonido",20,Reconocer la reversibilidad de cambios de estado por variaciones de temperatura.,2026
3,Ciencias Naturales,"Los fenómenos del mundo físico: movimiento, fuerzas, energía, luz y sonido",21,Usar el termómetro como instrumento para medir temperatura.,2026
3,Ciencias Naturales,"Los fenómenos del mundo físico: movimiento, fuerzas, energía, luz y sonido",22,Reconocer normas de seguridad y explorar materiales simples y seguros en actividades experimentales.,2026
3,Ciencias Naturales,"Los fenómenos del mundo físico: movimiento, fuerzas, energía, luz y sonido",23,Valorar los aportes de las mujeres científicas en el campo de la Física. [ESI],2026
3,Ciencias Naturales,"La Tierra, el universo y sus cambios",24,Reconocer características que definen una geoforma y relacionarlas con tipos de suelo.,2026
3,Ciencias Naturales,"La Tierra, el universo y sus cambios",25,Reconocer las fases de la Luna y registrar cambios en su aspecto y ubicación. [EI],2026
3,Ciencias Naturales,"La Tierra, el universo y sus cambios",26,"Reconocer elementos del estado del tiempo: temperatura, nubosidad y precipitaciones.",2026
3,Ciencias Naturales,"La Tierra, el universo y sus cambios",27,"Clasificar nubes según altura, estructura y morfología.",2026
3,Ciencias Naturales,"La Tierra, el universo y sus cambios",28,Reconocer el aire como mezcla y su movimiento; aproximarse a la noción de atmósfera. [EI],2026
3,Ciencias Naturales,"La Tierra, el universo y sus cambios",29,Reconocer viento y precipitaciones y aproximarse al uso de anemómetro y pluviómetro. [EI],2026
3,Ciencias Naturales,"La Tierra, el universo y sus cambios",30,Valorar los aportes de las mujeres científicas en las ciencias de la Tierra y la Astronomía. [ESI],2026
3,Ciencias Naturales,"La Tierra, el universo y sus cambios",31,"Reconocer impactos de actividades humanas en paisajes cercanos y acciones para su cuidado. [EAI, CDP, EI]",2026
3,Ciencias Naturales,"La Tierra, el universo y sus cambios",32,Conocer formas de observación y representación del cielo en diversas culturas. [EI],2026
4,Ciencias Naturales,"Los seres vivos: unidad, diversidad, interacciones y cambios",1,"Caracterizar ecosistemas terrestres y reconocer biomas de Santa Fe: bosque chaqueño, espinal y pastizal pampeano. [EAI, EI]",2026
4,Ciencias Naturales,"Los seres vivos: unidad, diversidad, interacciones y cambios",2,"Reconocer flora y fauna asociadas a los biomas santafesinos. [EAI, EI]",2026
4,Ciencias Naturales,"Los seres vivos: unidad, diversidad, interacciones y cambios",3,Comprender a los seres vivos como sistemas abiertos en relación con el entorno.,2026
4,Ciencias Naturales,"Los seres vivos: unidad, diversidad, interacciones y cambios",4,"Caracterizar, clasificar y reconocer nociones básicas de reproducción de plantas, hongos y animales macroscópicos.",2026
4,Ciencias Naturales,"Los seres vivos: unidad, diversidad, interacciones y cambios",5,Aproximarse a la célula como unidad fundamental de los seres vivos.,2026
4,Ciencias Naturales,"Los seres vivos: unidad, diversidad, interacciones y cambios",6,Caracterizar y clasificar microorganismos y reconocer nociones básicas de su reproducción.,2026
4,Ciencias Naturales,"Materiales: composición, propiedades y cambios",7,Reconocer masa y volumen como propiedades generales de la materia.,2026
4,Ciencias Naturales,"Materiales: composición, propiedades y cambios",8,"Diferenciar masa, peso, densidad y peso específico.",2026
4,Ciencias Naturales,"Materiales: composición, propiedades y cambios",9,Reconocer mezclas homogéneas y soluciones; distinguir soluto y solvente.,2026
4,Ciencias Naturales,"Materiales: composición, propiedades y cambios",10,"Aplicar métodos de fraccionamiento: evaporación, cristalización, destilación y cromatografía.",2026
4,Ciencias Naturales,"Los fenómenos del mundo físico: movimiento, fuerzas, energía, luz y sonido",11,"Comprender la fuerza como interacción capaz de torcer, aplastar, comprimir, rayar, estirar o deformar.",2026
4,Ciencias Naturales,"Los fenómenos del mundo físico: movimiento, fuerzas, energía, luz y sonido",12,Reconocer la resistencia de los objetos a la acción mecánica.,2026
4,Ciencias Naturales,"La Tierra, el universo y sus cambios",13,"Reconocer la Tierra como cuerpo cósmico: forma, tamaño y hemisferios.",2026
4,Ciencias Naturales,"La Tierra, el universo y sus cambios",14,Usar nociones de latitud y longitud. [EI],2026
4,Ciencias Naturales,"La Tierra, el universo y sus cambios",15,"Caracterizar geósfera, hidrósfera y atmósfera como subsistemas terrestres.",2026
4,Ciencias Naturales,"La Tierra, el universo y sus cambios",16,"Reconocer propiedades, abundancia y disponibilidad del agua. [CDP, EAI, EI]",2026
4,Ciencias Naturales,"La Tierra, el universo y sus cambios",17,"Reconocer capas, composición e importancia de la atmósfera y acciones para su cuidado. [EAI]",2026
5,Ciencias Naturales,"Los seres vivos: unidad, diversidad, interacciones y cambios",1,Caracterizar ecosistemas acuáticos continentales y marinos.,2026
5,Ciencias Naturales,"Los seres vivos: unidad, diversidad, interacciones y cambios",2,"Reconocer humedales santafesinos y cursos de agua leníticos y lóticos, con su flora y fauna. [EAI, EI]",2026
5,Ciencias Naturales,"Los seres vivos: unidad, diversidad, interacciones y cambios",3,"Valorar los sitios Ramsar de Santa Fe y su importancia para la diversidad biológica y cultural. [EAI, EI]",2026
5,Ciencias Naturales,"Los seres vivos: unidad, diversidad, interacciones y cambios",4,"Explicar el rol productor de las plantas: nutrición vegetal, fotosíntesis y respiración.",2026
5,Ciencias Naturales,"Los seres vivos: unidad, diversidad, interacciones y cambios",5,"Explicar el rol consumidor de los animales y reconocer dietas herbívoras, carnívoras, carroñeras y omnívoras.",2026
5,Ciencias Naturales,"Los seres vivos: unidad, diversidad, interacciones y cambios",6,Explicar el rol de hongos y bacterias en la descomposición.,2026
5,Ciencias Naturales,"Los seres vivos: unidad, diversidad, interacciones y cambios",7,"Interpretar cadenas y redes tróficas y relaciones de depredación, herbivorismo, parasitismo, competencia y comensalismo.",2026
5,Ciencias Naturales,"Materiales: composición, propiedades y cambios",8,Reconocer mezclas heterogéneas y clasificarlas según el tamaño de partículas; aproximarse al efecto Tyndall.,2026
5,Ciencias Naturales,"Materiales: composición, propiedades y cambios",9,"Aplicar métodos de separación: tamización, filtración, imantación y decantación.",2026
5,Ciencias Naturales,"Materiales: composición, propiedades y cambios",10,"Reconocer transformaciones físicas por temperatura, presión o fuerzas mecánicas.",2026
5,Ciencias Naturales,"Los fenómenos del mundo físico: movimiento, fuerzas, energía, luz y sonido",11,Explorar fuerzas magnéticas y electrostáticas: atracción y repulsión.,2026
5,Ciencias Naturales,"Los fenómenos del mundo físico: movimiento, fuerzas, energía, luz y sonido",12,"Caracterizar imanes, campo y polos magnéticos; relacionar polos magnéticos y geográficos y usar la brújula. [ECD]",2026
5,Ciencias Naturales,"Los fenómenos del mundo físico: movimiento, fuerzas, energía, luz y sonido",13,Aproximarse a la carga eléctrica y al uso del electroscopio.,2026
5,Ciencias Naturales,"La Tierra, el universo y sus cambios",14,"Comprender placas tectónicas, deriva continental y dinámica de la corteza.",2026
5,Ciencias Naturales,"La Tierra, el universo y sus cambios",15,Explicar formación de montañas y catástrofes naturales; aproximarse al uso del sismógrafo. [EAI],2026
5,Ciencias Naturales,"La Tierra, el universo y sus cambios",16,"Reconocer presentaciones, ubicación y movimientos del agua terrestre y explicar el ciclo hidrológico.",2026
5,Ciencias Naturales,"La Tierra, el universo y sus cambios",17,Explicar la erosión del paisaje por acción del agua.,2026
6,Ciencias Naturales,"Los seres vivos: unidad, diversidad, interacciones y cambios",1,"Explicar la nutrición humana integrando sistemas digestivo, circulatorio, respiratorio, urinario y otras vías de excreción.",2026
6,Ciencias Naturales,"Los seres vivos: unidad, diversidad, interacciones y cambios",2,"Diferenciar comida, alimento y nutriente; interpretar las Guías Alimentarias para la Población Argentina.",2026
6,Ciencias Naturales,"Los seres vivos: unidad, diversidad, interacciones y cambios",3,"Analizar alimentación, cultura, seguridad y soberanía alimentaria y la Ley 27.642. [EAI, ESI, EI, CDP]",2026
6,Ciencias Naturales,"Los seres vivos: unidad, diversidad, interacciones y cambios",4,"Analizar dietas saludables y estereotipos corporales de belleza en relación con la salud. [ESI, EI, EAI]",2026
6,Ciencias Naturales,"Los seres vivos: unidad, diversidad, interacciones y cambios",5,"Aproximarse a funciones de reproducción, relación y control y reconocer cambios de la pubertad.",2026
6,Ciencias Naturales,"Los seres vivos: unidad, diversidad, interacciones y cambios",6,"Relacionar crecimiento, desarrollo y maduración con la alimentación.",2026
6,Ciencias Naturales,"Materiales: composición, propiedades y cambios",7,"Reconocer transformaciones químicas: reacción química, oxidación, corrosión y combustión.",2026
6,Ciencias Naturales,"Materiales: composición, propiedades y cambios",8,Relacionar transformaciones físicas y químicas con la conservación de la materia.,2026
6,Ciencias Naturales,"Materiales: composición, propiedades y cambios",9,"Clasificar materiales conductores, aislantes y magnéticos y reconocer usos de metales, cerámicos, plásticos, fibras y biomateriales.",2026
6,Ciencias Naturales,"Materiales: composición, propiedades y cambios",10,"Caracterizar los estados sólido, líquido y gaseoso y explicar cambios de estado por temperatura.",2026
6,Ciencias Naturales,"Los fenómenos del mundo físico: movimiento, fuerzas, energía, luz y sonido",11,Interpretar el peso como fuerza gravitatoria y usar el dinamómetro.,2026
6,Ciencias Naturales,"Los fenómenos del mundo físico: movimiento, fuerzas, energía, luz y sonido",12,"Explicar caída libre, rozamiento del aire, empuje, flotabilidad y densidad.",2026
6,Ciencias Naturales,"Los fenómenos del mundo físico: movimiento, fuerzas, energía, luz y sonido",13,"Diferenciar fuentes y formas de energía; reconocer transferencias y conversiones. [EAI, EI]",2026
6,Ciencias Naturales,"Los fenómenos del mundo físico: movimiento, fuerzas, energía, luz y sonido",14,"Medir temperatura y describir parámetros del sonido: altura, intensidad, timbre y duración. [ECD]",2026
6,Ciencias Naturales,"La Tierra, el universo y sus cambios",15,Diferenciar tiempo meteorológico y clima; usar instrumentos meteorológicos.,2026
6,Ciencias Naturales,"La Tierra, el universo y sus cambios",16,"Reconocer climas y zonas climáticas de Santa Fe, Argentina y América.",2026
6,Ciencias Naturales,"La Tierra, el universo y sus cambios",17,"Explicar rotación, traslación, estaciones y movimientos aparentes del cielo. [EI]",2026
6,Ciencias Naturales,"La Tierra, el universo y sus cambios",18,Modelizar el sistema solar y reconocerlo como parte de la Vía Láctea.,2026
6,Ciencias Naturales,"La Tierra, el universo y sus cambios",19,"Describir el Sol, tipos y ciclos de estrellas y cúmulos estelares.",2026
6,Ciencias Naturales,"La Tierra, el universo y sus cambios",20,"Analizar impactos humanos en subsistemas terrestres y acciones de cuidado. [EAI, CDP]",2026
7,Ciencias Naturales,"Los seres vivos: unidad, diversidad, interacciones y cambios",1,"Reconocer niveles de organización químico, biológico y ecológico y sus propiedades emergentes.",2026
7,Ciencias Naturales,"Los seres vivos: unidad, diversidad, interacciones y cambios",2,"Explicar características comunes de los seres vivos: organización celular, metabolismo, crecimiento, homeostasis, irritabilidad, reproducción y adaptación.",2026
7,Ciencias Naturales,"Los seres vivos: unidad, diversidad, interacciones y cambios",3,Comparar modelos celulares procariota y eucariota y relacionar estructura y función.,2026
7,Ciencias Naturales,"Los seres vivos: unidad, diversidad, interacciones y cambios",4,"Reconocer diversidad celular y funciones de nutrición, reproducción, relación y control. [ESI]",2026
7,Ciencias Naturales,"Los seres vivos: unidad, diversidad, interacciones y cambios",5,Analizar la salud en contextos sociohistóricos y cuestiones sanitarias actuales.,2026
7,Ciencias Naturales,"Los seres vivos: unidad, diversidad, interacciones y cambios",6,"Aplicar nociones básicas de primeros auxilios: PAS, curaciones, RCP, Heimlich, hemorragias y PLS. [CDP]",2026
7,Ciencias Naturales,"Los seres vivos: unidad, diversidad, interacciones y cambios",7,"Explicar sistemas inmune, ósteoartromuscular, nervioso y endocrino y los órganos de los sentidos.",2026
7,Ciencias Naturales,"Los seres vivos: unidad, diversidad, interacciones y cambios",8,"Analizar consumos problemáticos y adicciones y sus consecuencias. [ESI, ECD]",2026
7,Ciencias Naturales,"Los seres vivos: unidad, diversidad, interacciones y cambios",9,"Comparar reproducción asexual y sexual y explicar la reproducción humana. [ESI, EI, EAI, CDP]",2026
7,Ciencias Naturales,"Los seres vivos: unidad, diversidad, interacciones y cambios",10,"Analizar salud sexual y reproductiva, anticoncepción, ITS, vínculos, intimidad y derechos sexuales y reproductivos. [ESI, EI, CDP]",2026
7,Ciencias Naturales,"Materiales: composición, propiedades y cambios",11,Explicar estados de agregación mediante primeras nociones de teoría cinético-molecular.,2026
7,Ciencias Naturales,"Materiales: composición, propiedades y cambios",12,"Aproximarse al modelo atómico, partículas subatómicas y organización de la tabla periódica.",2026
7,Ciencias Naturales,"Materiales: composición, propiedades y cambios",13,"Reconocer elementos químicos de impacto en la salud y el ambiente. [EAI, CDP]",2026
7,Ciencias Naturales,"Materiales: composición, propiedades y cambios",14,"Analizar nanotecnología, sistemas materiales y transformaciones químicas de alimentos.",2026
7,Ciencias Naturales,"Materiales: composición, propiedades y cambios",15,Reconocer macro y micronutrientes y determinarlos cualitativamente en muestras.,2026
7,Ciencias Naturales,"Los fenómenos del mundo físico: movimiento, fuerzas, energía, luz y sonido",16,Clasificar fuentes de energía y reconocer reservas energéticas de Santa Fe y Argentina. [EAI],2026
7,Ciencias Naturales,"Los fenómenos del mundo físico: movimiento, fuerzas, energía, luz y sonido",17,"Explicar manifestaciones, conservación y transformaciones de la energía.",2026
7,Ciencias Naturales,"Los fenómenos del mundo físico: movimiento, fuerzas, energía, luz y sonido",18,"Analizar aprovechamiento de bienes energéticos, huella ecológica, huella de carbono y consumo responsable. [EAI, EI, CDP]",2026
7,Ciencias Naturales,"La Tierra, el universo y sus cambios",19,"Reconocer instrumentos para estudiar astros y sus aplicaciones. [EAI, ECD]",2026
7,Ciencias Naturales,"La Tierra, el universo y sus cambios",20,"Comprender galaxias, grupos, cúmulos y supercúmulos.",2026
7,Ciencias Naturales,"La Tierra, el universo y sus cambios",21,"Aproximarse al origen, evolución y destino del universo y a la teoría del Big Bang.",2026
7,Ciencias Naturales,"La Tierra, el universo y sus cambios",22,"Reconocer nociones de red cósmica, materia bariónica, materia oscura y energía oscura.",2026
7,Ciencias Naturales,"La Tierra, el universo y sus cambios",23,Valorar cosmovisiones y saberes culturales en torno al universo. [EI],2026
1,Ciencias Sociales,Las sociedades y la construcción de los espacios,1,"Elementos naturales y construidos de diferentes paisajes cercanos y lejanos, y relaciones entre ellos.",2026
1,Ciencias Sociales,Las sociedades y la construcción de los espacios,2,"Espacio rural y vida cotidiana: trabajos para producir bienes primarios, actores sociales y tecnologías empleadas. ESI",2026
1,Ciencias Sociales,Las sociedades y la construcción de los espacios,3,Problemáticas ambientales vinculadas con la producción primaria. EAI,2026
1,Ciencias Sociales,Las sociedades y la construcción de los espacios,4,"Espacio urbano y vida cotidiana: características del barrio, la escuela y otros espacios públicos de pertenencia y sociabilidad.",2026
1,Ciencias Sociales,Las sociedades y la construcción de los espacios,5,"Necesidades de los habitantes del espacio urbano y servicios públicos que las satisfacen. CDP, EAI",2026
1,Ciencias Sociales,Las sociedades y la construcción de los espacios,6,Nociones espaciales de orientación y localización.,2026
1,Ciencias Sociales,Las sociedades y la construcción de los espacios,7,"Formas de representar el espacio: dibujos, croquis, planos, mapas y sistemas de información geográfica como Google Maps y Google Earth. ECD",2026
1,Ciencias Sociales,Las sociedades en el tiempo. Cambios y continuidades,8,"Vida cotidiana de sociedades indígenas antes de la llegada de los españoles: organización familiar, cuidados, salud, guerra, intercambios, transmisión de saberes y creencias. EI, ESI",2026
1,Ciencias Sociales,Las sociedades en el tiempo. Cambios y continuidades,9,"Vida cotidiana y modos de subsistencia de sociedades cazadoras-recolectoras y agricultoras: alimentos, agua, combustible y artefactos. EI, ESI",2026
1,Ciencias Sociales,Las sociedades en el tiempo. Cambios y continuidades,10,"Fuentes primarias y secundarias: objetos de la vida cotidiana, artísticos y tecnológicos; construcciones, mobiliario y fuentes escritas, gráficas, cartográficas, orales, audiovisuales y digitales. ECD",2026
1,Ciencias Sociales,Las sociedades en el tiempo. Cambios y continuidades,11,Cambios y continuidades entre las formas de vida del pasado y del presente de las sociedades estudiadas.,2026
1,Ciencias Sociales,Las sociedades en el tiempo. Cambios y continuidades,12,"Unidades cronológicas de referencia: día, noche, semana, mes, estación y año.",2026
1,Ciencias Sociales,Las sociedades en el tiempo. Cambios y continuidades,13,"Líneas temporales sencillas con información, objetos e imágenes de la vida cotidiana. ECD",2026
1,Ciencias Sociales,"Las sociedades, la vida cotidiana y las prácticas culturales",14,"Formas de organización familiar, escolar y comunitaria en contextos urbanos y rurales, en el pasado y en el presente. ESI",2026
1,Ciencias Sociales,"Las sociedades, la vida cotidiana y las prácticas culturales",15,"Noción de norma: lo obligatorio, lo permitido y lo prohibido en la vida escolar y comunitaria. Acuerdos, roles y responsabilidades. CDP, ESI",2026
1,Ciencias Sociales,"Las sociedades, la vida cotidiana y las prácticas culturales",16,Conmemoraciones y celebraciones colectivas significativas para la comunidad nacional y local.,2026
1,Ciencias Sociales,"Las sociedades, la vida cotidiana y las prácticas culturales",17,"Diálogo como herramienta para la resolución de los conflictos. CDP, ECD",2026
1,Ciencias Sociales,"Las sociedades, la vida cotidiana y las prácticas culturales",18,"Lectura y análisis de información a través de testimonios orales, imágenes contrastantes, historias de vida y narraciones tradicionales. ECD",2026
2,Ciencias Sociales,Las sociedades y la construcción de los espacios,1,"Organización de los espacios para la producción de bienes secundarios: procesos, trabajos y tecnologías implicadas. ESI",2026
2,Ciencias Sociales,Las sociedades y la construcción de los espacios,2,Diferencias entre los procesos de producción industrial y artesanal.,2026
2,Ciencias Sociales,Las sociedades y la construcción de los espacios,3,Problemáticas ambientales asociadas con la producción de bienes secundarios. EAI,2026
2,Ciencias Sociales,Las sociedades y la construcción de los espacios,4,Sistema de transporte y vida cotidiana: medios de transporte para trasladarse en diferentes espacios geográficos.,2026
2,Ciencias Sociales,Las sociedades y la construcción de los espacios,5,Articulación entre espacios urbanos y rurales mediante el transporte e impacto ambiental del sistema. EAI,2026
2,Ciencias Sociales,Las sociedades y la construcción de los espacios,6,Representación cartográfica mediante croquis y planos con referencias convencionales. ECD,2026
2,Ciencias Sociales,Las sociedades y la construcción de los espacios,7,"Formas de representar el espacio: dibujos, croquis, planos, mapas y sistemas de información geográfica como Google Maps y Google Earth. ECD",2026
2,Ciencias Sociales,Las sociedades en el tiempo. Cambios y continuidades,8,"Vida cotidiana en la sociedad colonial tardía (1776-1810): familias españolas, indígenas, esclavas y mestizas; relaciones de poder, jerarquías, roles, crianza, educación y trabajos. EI, ESI",2026
2,Ciencias Sociales,Las sociedades en el tiempo. Cambios y continuidades,9,"Vida cotidiana y formas de producción en sociedades pasadas y presentes: abastecimiento, recursos, tecnologías, trabajos y transporte de personas y mercaderías. EI, ESI",2026
2,Ciencias Sociales,Las sociedades en el tiempo. Cambios y continuidades,10,"Fuentes primarias y secundarias: objetos de la vida cotidiana, artísticos y tecnológicos; construcciones, mobiliario y fuentes escritas, gráficas, cartográficas, orales, audiovisuales y digitales. ECD",2026
2,Ciencias Sociales,Las sociedades en el tiempo. Cambios y continuidades,11,Cambios y continuidades entre las formas de vida del pasado y del presente de las sociedades estudiadas.,2026
2,Ciencias Sociales,Las sociedades en el tiempo. Cambios y continuidades,12,"Ordenamiento temporal de acontecimientos; duraciones, simultaneidad y ritmos de cambio en la vida cotidiana.",2026
2,Ciencias Sociales,Las sociedades en el tiempo. Cambios y continuidades,13,"Líneas temporales sencillas con información, objetos e imágenes de la vida cotidiana. ECD",2026
2,Ciencias Sociales,"Las sociedades, la vida cotidiana y las prácticas culturales",14,"Instituciones gubernamentales y no gubernamentales que defienden intereses comunes: cooperadoras, vecinales, defensa del consumidor, protección ambiental y ONG. CDP, ESI, EAI, EI",2026
2,Ciencias Sociales,"Las sociedades, la vida cotidiana y las prácticas culturales",15,"Normas que regulan el trabajo y la producción de bienes industriales o artesanales. CDP, ESI, EAI, ECD",2026
2,Ciencias Sociales,"Las sociedades, la vida cotidiana y las prácticas culturales",16,"Educación vial: normas de tránsito que organizan la movilidad. CDP, EAI",2026
2,Ciencias Sociales,"Las sociedades, la vida cotidiana y las prácticas culturales",17,Conmemoraciones y celebraciones colectivas significativas para la comunidad nacional y local.,2026
2,Ciencias Sociales,"Las sociedades, la vida cotidiana y las prácticas culturales",18,"Diálogo como herramienta para la resolución de los conflictos. CDP, ECD",2026
2,Ciencias Sociales,"Las sociedades, la vida cotidiana y las prácticas culturales",19,"Lectura y análisis de información a través de testimonios orales, imágenes contrastantes, historias de vida y narraciones tradicionales. ECD",2026
3,Ciencias Sociales,Las sociedades y la construcción de los espacios,1,"Interrelación de espacios urbanos y rurales mediante circuitos productivos: actividades agrarias, industriales y comerciales; actores, trabajos y tecnologías en diversas escalas. ESI",2026
3,Ciencias Sociales,Las sociedades y la construcción de los espacios,2,"Nociones económicas vinculadas con los circuitos productivos: compra, venta, ganancia, ahorro y dinero. ECD",2026
3,Ciencias Sociales,Las sociedades y la construcción de los espacios,3,Impacto ambiental de los circuitos productivos. EAI,2026
3,Ciencias Sociales,Las sociedades y la construcción de los espacios,4,Usos y funciones de los espacios urbanos; concentración de población y actividades.,2026
3,Ciencias Sociales,Las sociedades y la construcción de los espacios,5,"Servicios públicos y privados en ciudades grandes, medianas, pequeñas y capitales. EAI",2026
3,Ciencias Sociales,Las sociedades y la construcción de los espacios,6,Representación cartográfica mediante croquis y planos con referencias convencionales. ECD,2026
3,Ciencias Sociales,Las sociedades y la construcción de los espacios,7,"Formas de representar el espacio: dibujos, croquis, planos, mapas y sistemas de información geográfica como Google Maps y Google Earth. ECD",2026
3,Ciencias Sociales,Las sociedades en el tiempo. Cambios y continuidades,8,"Vida cotidiana y procesos migratorios en Argentina desde fines del siglo XIX: causas, organización familiar, trabajos, viviendas, comidas, idiomas y relaciones interculturales. EI, ESI",2026
3,Ciencias Sociales,Las sociedades en el tiempo. Cambios y continuidades,9,"Cambios tecnológicos y su influencia en la vida cotidiana: ferrocarril, barco a vapor, maquinaria agrícola, electricidad y agua corriente; distribución territorial y acceso.",2026
3,Ciencias Sociales,Las sociedades en el tiempo. Cambios y continuidades,10,"Fuentes primarias y secundarias: objetos de la vida cotidiana, artísticos y tecnológicos; construcciones, mobiliario y fuentes escritas, gráficas, cartográficas, orales, audiovisuales y digitales. ECD",2026
3,Ciencias Sociales,Las sociedades en el tiempo. Cambios y continuidades,11,Cambios y continuidades entre las formas de vida del pasado y del presente de las sociedades estudiadas.,2026
3,Ciencias Sociales,Las sociedades en el tiempo. Cambios y continuidades,12,"Ordenamiento temporal de acontecimientos; duraciones, simultaneidad y ritmos de cambio en la vida cotidiana.",2026
3,Ciencias Sociales,Las sociedades en el tiempo. Cambios y continuidades,13,"Líneas temporales sencillas con información, objetos e imágenes de la vida cotidiana. ECD",2026
3,Ciencias Sociales,"Las sociedades, la vida cotidiana y las prácticas culturales",14,"Derechos y obligaciones que sustentan la ciudadanía en contextos cotidianos y amplios: instituciones educativas y de salud, familias y grupos de familias migrantes. CDP",2026
3,Ciencias Sociales,"Las sociedades, la vida cotidiana y las prácticas culturales",15,"Modos democráticos de resolución de conflictos: consenso, votación, autoridad legítima, normas y autoridades involucradas.",2026
3,Ciencias Sociales,"Las sociedades, la vida cotidiana y las prácticas culturales",16,"Estrategias de inclusión y respeto ante situaciones de discriminación, intolerancia y exclusión. ESI, CDP, EI",2026
3,Ciencias Sociales,"Las sociedades, la vida cotidiana y las prácticas culturales",17,Conmemoraciones y celebraciones colectivas significativas para la comunidad nacional y local.,2026
3,Ciencias Sociales,"Las sociedades, la vida cotidiana y las prácticas culturales",18,"Diálogo como herramienta para la resolución de los conflictos. CDP, ECD",2026
3,Ciencias Sociales,"Las sociedades, la vida cotidiana y las prácticas culturales",19,"Lectura y análisis de información a través de testimonios orales, imágenes contrastantes, historias de vida y narraciones tradicionales. ECD",2026
4,Ciencias Sociales,Las sociedades y la construcción de los espacios,1,"Organización política de la provincia de Santa Fe: realidades del norte, centro y sur; niveles nacional, provincial y municipal; división política provincial. ECD",2026
4,Ciencias Sociales,Las sociedades y la construcción de los espacios,2,"Espacio rural santafesino: ambientes, actividades económicas, actores, tecnologías, articulación urbano-rural y representación cartográfica. ECD",2026
4,Ciencias Sociales,Las sociedades y la construcción de los espacios,3,"Condiciones de vida y trabajo en áreas rurales santafesinas. ESI, CDP",2026
4,Ciencias Sociales,Las sociedades y la construcción de los espacios,4,"Espacio urbano santafesino: usos del suelo, ciudades pequeñas y grandes, crecimiento urbano, integración con el campo y espacios periurbanos. ECD",2026
4,Ciencias Sociales,Las sociedades y la construcción de los espacios,5,"Problemáticas ambientales provinciales: causas, actores involucrados y consecuencias. EAI, CDP",2026
4,Ciencias Sociales,Las sociedades y la construcción de los espacios,6,Diversas formas de representación cartográfica empleando simbología convencional y escala cromática.,2026
4,Ciencias Sociales,Las sociedades y la construcción de los espacios,7,"Fuentes de información geográfica: estadísticas, censos, gráficos, planos, cartas topográficas, mapas, fotografías aéreas, imágenes satelitales y sistemas de información geográfica como Google Maps y Google Earth. ECD",2026
4,Ciencias Sociales,Las sociedades en el tiempo. Cambios y continuidades,8,"Pueblos originarios antes de la llegada europea, con atención al litoral: diversidad cultural, subsistencia, organización política, expresiones culturales y relaciones entre comunidades. EI, EAI",2026
4,Ciencias Sociales,Las sociedades en el tiempo. Cambios y continuidades,9,"Conquista y ocupación del actual territorio argentino: expansión europea, fuerte Sancti Spiritus, fundación y traslado de Santa Fe. EI",2026
4,Ciencias Sociales,Las sociedades en el tiempo. Cambios y continuidades,10,Santa Fe en el espacio económico colonial centrado en Potosí: rutas comerciales y frontera como espacio de intercambios y tensiones. EI,2026
4,Ciencias Sociales,Las sociedades en el tiempo. Cambios y continuidades,11,"La ciudad colonial: instituciones, jerarquías, mestizajes y sistemas de trabajo como mita, encomienda y esclavitud africana. EI, ESI",2026
4,Ciencias Sociales,Las sociedades en el tiempo. Cambios y continuidades,12,El territorio argentino a través de la cartografía histórica: cambios y continuidades. ECD,2026
4,Ciencias Sociales,Las sociedades en el tiempo. Cambios y continuidades,13,Formas de representación gráfica del tiempo histórico: líneas históricas y mapas temporales. ECD,2026
4,Ciencias Sociales,Las sociedades en el tiempo. Cambios y continuidades,14,"Fuentes de información primarias y secundarias: escritas, gráficas, cartográficas, orales y audiovisuales. ECD",2026
4,Ciencias Sociales,"Las sociedades, la vida cotidiana y las prácticas culturales",15,Convención Internacional de los Derechos del Niño y del Adolescente y su vigencia en Argentina en el marco de la Constitución Nacional. CDP,2026
4,Ciencias Sociales,"Las sociedades, la vida cotidiana y las prácticas culturales",16,"Normas de convivencia social: carácter construido y cambiante; problemas sociales derivados de su incumplimiento. ESI, CDP",2026
4,Ciencias Sociales,"Las sociedades, la vida cotidiana y las prácticas culturales",17,"Instituciones sociales y políticas de la comunidad local y provincial: funciones, actores y mecanismos de participación ciudadana. CDP",2026
4,Ciencias Sociales,"Las sociedades, la vida cotidiana y las prácticas culturales",18,Conmemoraciones y celebraciones colectivas nacionales y locales; Promesa de Lealtad a la Bandera Nacional.,2026
4,Ciencias Sociales,"Las sociedades, la vida cotidiana y las prácticas culturales",19,"Diversas formas de vida, creencias y valores en el marco de principios éticos y derechos consensuados universalmente. CDP",2026
4,Ciencias Sociales,"Las sociedades, la vida cotidiana y las prácticas culturales",20,"Comunicación, diálogo, consenso y cooperación como herramientas para la construcción de la democracia y la paz. CDP, ECD",2026
5,Ciencias Sociales,Las sociedades y la construcción de los espacios,1,"Organización política de Argentina: provincias, capitales, límites interprovinciales e internacionales; mapas actuales e históricos. ECD",2026
5,Ciencias Sociales,Las sociedades y la construcción de los espacios,2,"Espacio rural argentino: regiones y circuitos agroindustriales, recursos, etapas, actores, escalas y articulación rural-urbana. ESI, CDP",2026
5,Ciencias Sociales,Las sociedades y la construcción de los espacios,3,"Infraestructura, transporte, comercialización y representación cartográfica de los circuitos productivos. ECD",2026
5,Ciencias Sociales,Las sociedades y la construcción de los espacios,4,Funciones urbanas en ciudades pequeñas y grandes; concentración en la región pampeana y carácter urbano de la población argentina. ECD,2026
5,Ciencias Sociales,Las sociedades y la construcción de los espacios,5,"Problemáticas ambientales nacionales: causas, actores y respuestas sociales e institucionales. EAI, CDP",2026
5,Ciencias Sociales,Las sociedades y la construcción de los espacios,6,Diversas formas de representación cartográfica empleando simbología convencional y escala cromática.,2026
5,Ciencias Sociales,Las sociedades y la construcción de los espacios,7,"Fuentes de información geográfica: estadísticas, censos, gráficos, planos, cartas topográficas, mapas, fotografías aéreas, imágenes satelitales y sistemas de información geográfica como Google Maps y Google Earth. ECD",2026
5,Ciencias Sociales,Las sociedades en el tiempo. Cambios y continuidades,8,"Crisis del orden colonial: reformas borbónicas, revoluciones atlánticas, invasiones inglesas, Revolución de Mayo y debates políticos.",2026
5,Ciencias Sociales,Las sociedades en el tiempo. Cambios y continuidades,9,"Guerras de independencia: plan continental de San Martín; Liga de los Pueblos Libres, rol de Santa Fe, Congreso de Tucumán y participación de las mujeres. ESI",2026
5,Ciencias Sociales,Las sociedades en el tiempo. Cambios y continuidades,10,"Autonomías provinciales y economías regionales (1820-1852): caudillos, Estanislao López, pactos, conflictos, unitarios, federales y hegemonía de Buenos Aires.",2026
5,Ciencias Sociales,Las sociedades en el tiempo. Cambios y continuidades,11,Economías regionales: conflictos por recursos y comercio fluvial.,2026
5,Ciencias Sociales,Las sociedades en el tiempo. Cambios y continuidades,12,"Sociedad de estancieros, grandes comerciantes y sectores subalternos; pueblos originarios durante la formación de los gobiernos provinciales. EI",2026
5,Ciencias Sociales,Las sociedades en el tiempo. Cambios y continuidades,13,El territorio argentino a través de la cartografía histórica: cambios y continuidades. ECD,2026
5,Ciencias Sociales,Las sociedades en el tiempo. Cambios y continuidades,14,Formas de representación gráfica del tiempo histórico: líneas históricas y mapas temporales. ECD,2026
5,Ciencias Sociales,Las sociedades en el tiempo. Cambios y continuidades,15,"Fuentes de información primarias y secundarias: escritas, gráficas, cartográficas, orales y audiovisuales. ECD",2026
5,Ciencias Sociales,"Las sociedades, la vida cotidiana y las prácticas culturales",16,Declaración Universal de los Derechos Humanos y su vigencia en Argentina en el marco de la Constitución Nacional. CDP,2026
5,Ciencias Sociales,"Las sociedades, la vida cotidiana y las prácticas culturales",17,"Participación ciudadana democrática: igualdad, diálogo, consenso, solidaridad e inclusión. ESI, CDP, EI",2026
5,Ciencias Sociales,"Las sociedades, la vida cotidiana y las prácticas culturales",18,"Organizaciones colectivas y derecho a participar: asociaciones barriales, fundaciones, sociedades de fomento, centros culturales y ONG; dificultades históricas y actuales. ESI, EAI, CDP, EI",2026
5,Ciencias Sociales,"Las sociedades, la vida cotidiana y las prácticas culturales",19,Conmemoraciones y celebraciones colectivas significativas para la comunidad nacional y local. EI,2026
5,Ciencias Sociales,"Las sociedades, la vida cotidiana y las prácticas culturales",20,"Diversas formas de vida, creencias y valores en el marco de principios éticos y derechos consensuados universalmente. CDP",2026
5,Ciencias Sociales,"Las sociedades, la vida cotidiana y las prácticas culturales",21,"Comunicación, diálogo, consenso y cooperación como herramientas para la construcción de la democracia y la paz. CDP, ECD",2026
6,Ciencias Sociales,Las sociedades y la construcción de los espacios,1,"Argentina en el contexto latinoamericano: localización, cartografía, integración regional, MERCOSUR y vínculos políticos y económicos. ECD",2026
6,Ciencias Sociales,Las sociedades y la construcción de los espacios,2,Bienes comunes en América Latina y su relación con la división internacional del trabajo.,2026
6,Ciencias Sociales,Las sociedades y la construcción de los espacios,3,"Actividades productivas y combinaciones de tierra, trabajo, capital y tecnología. ESI, CDP",2026
6,Ciencias Sociales,Las sociedades y la construcción de los espacios,4,Terminales portuarias e Hidrovía del MERCOSUR; representación cartográfica. ECD,2026
6,Ciencias Sociales,Las sociedades y la construcción de los espacios,5,"Composición y dinámica demográfica de Argentina y países del MERCOSUR mediante indicadores socioeconómicos y demográficos. EAI, ESI, EI, CDP",2026
6,Ciencias Sociales,Las sociedades y la construcción de los espacios,6,Procesos de urbanización en América Latina y su representación cartográfica. ECD,2026
6,Ciencias Sociales,Las sociedades y la construcción de los espacios,7,"Problemáticas ambientales latinoamericanas: multicausalidad, actores y escalas. EAI, CDP",2026
6,Ciencias Sociales,Las sociedades y la construcción de los espacios,8,Diversas formas de representación cartográfica empleando simbología convencional y escala cromática.,2026
6,Ciencias Sociales,Las sociedades y la construcción de los espacios,9,"Fuentes de información geográfica: estadísticas, censos, gráficos, planos, cartas topográficas, mapas, fotografías aéreas, imágenes satelitales y sistemas de información geográfica como Google Maps y Google Earth. ECD",2026
6,Ciencias Sociales,Las sociedades en el tiempo. Cambios y continuidades,10,"Formación del Estado Nacional: Constitución de 1853, Confederación Argentina y Estado de Buenos Aires (1853-1862). CDP",2026
6,Ciencias Sociales,Las sociedades en el tiempo. Cambios y continuidades,11,"Consolidación estatal (1862-1880): poderes, moneda y ejército nacionales; expansión territorial, conflictos con pueblos indígenas, Triple Alianza y federalización de Buenos Aires. EI",2026
6,Ciencias Sociales,Las sociedades en el tiempo. Cambios y continuidades,12,"Régimen oligárquico (1880-1916), reforma electoral de 1912 y gobiernos radicales (1916-1930). CDP",2026
6,Ciencias Sociales,Las sociedades en el tiempo. Cambios y continuidades,13,"Economía agroexportadora (1880-1930): inmigración, capital extranjero, ferrocarril, frontera agrícola y colonización santafesina. EI, ESI",2026
6,Ciencias Sociales,Las sociedades en el tiempo. Cambios y continuidades,14,"Sociedad aluvional, identidad nacional, urbanización, sectores sociales, condiciones laborales, Grito de Alcorta y La Forestal. ESI, CDP",2026
6,Ciencias Sociales,Las sociedades en el tiempo. Cambios y continuidades,15,El territorio argentino a través de la cartografía histórica: cambios y continuidades. ECD,2026
6,Ciencias Sociales,Las sociedades en el tiempo. Cambios y continuidades,16,Formas de representación gráfica del tiempo histórico: líneas históricas y mapas temporales. ECD,2026
6,Ciencias Sociales,Las sociedades en el tiempo. Cambios y continuidades,17,"Fuentes de información primarias y secundarias: escritas, gráficas, cartográficas, orales y audiovisuales. ECD",2026
6,Ciencias Sociales,"Las sociedades, la vida cotidiana y las prácticas culturales",18,"Constitución Nacional: gobierno republicano, representativo y federal; división de poderes, principios, declaraciones, derechos y garantías. CDP",2026
6,Ciencias Sociales,"Las sociedades, la vida cotidiana y las prácticas culturales",19,"Participación y organización colectiva para la defensa de los Derechos Humanos en América Latina. ESI, EAI, CDP, EI",2026
6,Ciencias Sociales,"Las sociedades, la vida cotidiana y las prácticas culturales",20,Integración regional sudamericana: MERCOSUR y bloques subnacionales como la Región Centro. CDP,2026
6,Ciencias Sociales,"Las sociedades, la vida cotidiana y las prácticas culturales",21,Conmemoraciones y celebraciones colectivas significativas para la comunidad nacional y local. EI,2026
6,Ciencias Sociales,"Las sociedades, la vida cotidiana y las prácticas culturales",22,"Diversas formas de vida, creencias y valores en el marco de principios éticos y derechos consensuados universalmente. CDP",2026
6,Ciencias Sociales,"Las sociedades, la vida cotidiana y las prácticas culturales",23,"Comunicación, diálogo, consenso y cooperación como herramientas para la construcción de la democracia y la paz. CDP, ECD",2026
7,Ciencias Sociales,Las sociedades y la construcción de los espacios,1,"Organización territorial actual y globalización: dimensiones, factores, causas e impacto de internet y redes informáticas en la vida cotidiana. ECD",2026
7,Ciencias Sociales,Las sociedades y la construcción de los espacios,2,"América Latina y Argentina en el mundo: ubicación, vínculos económicos, políticos y culturales; organismos internacionales y bloques económicos. CDP, ECD",2026
7,Ciencias Sociales,Las sociedades y la construcción de los espacios,3,"Manejo de recursos naturales: enfoques extractivista, conservacionista y sustentable; bienes comunes como alternativa. EAI",2026
7,Ciencias Sociales,Las sociedades y la construcción de los espacios,4,Procesos productivos latinoamericanos y tecnologías: expansión de fronteras agrícolas y explotación petrolera. EAI,2026
7,Ciencias Sociales,Las sociedades y la construcción de los espacios,5,"Problemáticas ambientales globales y nacionales: cambio climático, biodiversidad, contaminación, acuerdos internacionales y políticas locales. EAI, CDP",2026
7,Ciencias Sociales,Las sociedades y la construcción de los espacios,6,"Urbanización, metrópolis y megalópolis; condiciones de vida y trabajo; uberización y trabajo remoto. CDP, ESI, ECD",2026
7,Ciencias Sociales,Las sociedades y la construcción de los espacios,7,"Herramientas cartográficas: mapas temáticos, imágenes satelitales, Google Maps, Google Earth y SIG en línea. ECD",2026
7,Ciencias Sociales,Las sociedades en el tiempo. Cambios y continuidades,8,"Crisis de 1930: agotamiento agroexportador, industrialización sustitutiva, nuevo rol estatal, migraciones internas y golpe de Estado. EI, CDP",2026
7,Ciencias Sociales,Las sociedades en el tiempo. Cambios y continuidades,9,"Totalitarismos europeos, Segunda Guerra Mundial, aliados, Eje y genocidio: Holocausto/Shoá. CDP, ESI",2026
7,Ciencias Sociales,Las sociedades en el tiempo. Cambios y continuidades,10,"Peronismo (1943-1955): Estado y trabajadores, mercado interno, bienestar, consumos culturales y rol político-laboral de las mujeres. ESI, CDP",2026
7,Ciencias Sociales,Las sociedades en el tiempo. Cambios y continuidades,11,Guerra Fría y su impacto mundial; auge y crisis del Estado de Bienestar. CDP,2026
7,Ciencias Sociales,Las sociedades en el tiempo. Cambios y continuidades,12,"Doctrina de la Seguridad Nacional, dictaduras de 1966 y 1976 y movilización social y política. CDP, ESI",2026
7,Ciencias Sociales,Las sociedades en el tiempo. Cambios y continuidades,13,"Última dictadura cívico-militar (1976-1983): prácticas genocidas, delitos de lesa humanidad y organismos de Derechos Humanos. CDP, ESI",2026
7,Ciencias Sociales,Las sociedades en el tiempo. Cambios y continuidades,14,"Guerra de Malvinas de 1982: crisis de la dictadura, impacto social, combatientes, mujeres y reconocimiento santafesino a exsoldados. CDP, ESI",2026
7,Ciencias Sociales,Las sociedades en el tiempo. Cambios y continuidades,15,"Recuperación democrática de 1983: Derechos Humanos, CONADEP, juicio a las juntas y participación republicana. CDP, ESI",2026
7,Ciencias Sociales,Las sociedades en el tiempo. Cambios y continuidades,16,Caída del muro de Berlín y transformaciones geopolíticas mundiales.,2026
7,Ciencias Sociales,Las sociedades en el tiempo. Cambios y continuidades,17,"Políticas neoliberales desde 1990: trabajo, pobreza, marginación y nuevas movilizaciones sociales. CDP, ESI",2026
7,Ciencias Sociales,Las sociedades en el tiempo. Cambios y continuidades,18,"Fuentes primarias y secundarias: documentos oficiales, prensa, testimonios, mapas históricos, archivos audiovisuales y recursos digitales. ECD",2026
7,Ciencias Sociales,"Las sociedades, la vida cotidiana y las prácticas culturales",19,"Políticas de la memoria ante hechos traumáticos: genocidio armenio, Holocausto/Shoá, dictaduras latinoamericanas y Malvinas. CDP, ESI",2026
7,Ciencias Sociales,"Las sociedades, la vida cotidiana y las prácticas culturales",20,"Sistemas políticos, ejercicio del poder y autoridad; partidos políticos y movimientos sociales en la ampliación de derechos y ciudadanía. ESI, EAI, EI, CDP",2026
7,Ciencias Sociales,"Las sociedades, la vida cotidiana y las prácticas culturales",21,"Diversidad cultural y medios: representación, estereotipos, acceso a la información y alfabetización mediática y digital. EI, ECD",2026
7,Ciencias Sociales,"Las sociedades, la vida cotidiana y las prácticas culturales",22,Conmemoraciones y celebraciones colectivas significativas para la comunidad nacional y local.,2026
1,Lengua y Literatura,Oralidad,1,"Participar en conversaciones sobre experiencias personales, juegos, textos literarios y actividades escolares.",2026
1,Lengua y Literatura,Oralidad,2,Usar fórmulas de cortesía y respetar turnos de habla.,2026
1,Lengua y Literatura,Oralidad,3,"Relatar experiencias, anécdotas y renarrar textos literarios con propósitos diversos.",2026
1,Lengua y Literatura,Oralidad,4,Organizar información oral en secuencias simples.,2026
1,Lengua y Literatura,Oralidad,5,"Describir objetos, animales y personas a partir de rasgos observables.",2026
1,Lengua y Literatura,Oralidad,6,Comprender y producir instrucciones breves vinculadas con juegos y situaciones escolares.,2026
1,Lengua y Literatura,Oralidad,7,Dar explicaciones breves sobre temas de interés y formular preguntas para obtener información.,2026
1,Lengua y Literatura,Oralidad,8,Expresar opiniones y comentarios sobre temas de interés y lecturas compartidas.,2026
1,Lengua y Literatura,Oralidad,9,Escuchar comprensivamente textos literarios y no literarios leídos o expresados oralmente.,2026
1,Lengua y Literatura,Escritura,10,Escribir palabras simples y complejas.,2026
1,Lengua y Literatura,Escritura,11,Comprender y usar el principio alfabético.,2026
1,Lengua y Literatura,Escritura,12,Aplicar correspondencias entre fonemas y grafemas.,2026
1,Lengua y Literatura,Escritura,13,Escribir oraciones con complejidad creciente.,2026
1,Lengua y Literatura,Escritura,14,Separar las palabras de manera convencional en la escritura.,2026
1,Lengua y Literatura,Escritura,15,Usar convenciones ortográficas y signos de puntuación enseñados.,2026
1,Lengua y Literatura,Escritura,16,"Escribir narraciones breves, anécdotas y renarraciones.",2026
1,Lengua y Literatura,Escritura,17,"Escribir descripciones sencillas, retratos o autorretratos.",2026
1,Lengua y Literatura,Escritura,18,"Escribir instrucciones breves como recetas, reglas de juegos o normas.",2026
1,Lengua y Literatura,Escritura,19,"Participar en situaciones de planificación, escritura, revisión y reformulación.",2026
1,Lengua y Literatura,Lectura,20,Leer palabras simples y complejas.,2026
1,Lengua y Literatura,Lectura,21,Leer oraciones breves.,2026
1,Lengua y Literatura,Lectura,22,Participar en lectura dialógica o interactiva de textos literarios.,2026
1,Lengua y Literatura,Lectura,23,Participar en lectura de textos no literarios de diversos géneros.,2026
1,Lengua y Literatura,Lectura,24,Leer en distintos soportes y portadores.,2026
1,Lengua y Literatura,Lectura,25,"Explorar paratextos: tapa, contratapa, imágenes y otros indicios.",2026
1,Lengua y Literatura,Conocimiento y reflexión sobre la lengua y los textos,26,Identificar y analizar sonidos dentro de las palabras.,2026
1,Lengua y Literatura,Conocimiento y reflexión sobre la lengua y los textos,27,Reconocer correspondencias fonográficas regulares y otras dependientes del contexto.,2026
1,Lengua y Literatura,Conocimiento y reflexión sobre la lengua y los textos,28,Reconocer dígrafos.,2026
1,Lengua y Literatura,Conocimiento y reflexión sobre la lengua y los textos,29,Ampliar vocabulario y reconocer palabras desconocidas.,2026
1,Lengua y Literatura,Conocimiento y reflexión sobre la lengua y los textos,30,Formar familias de palabras a partir de una raíz común.,2026
1,Lengua y Literatura,Conocimiento y reflexión sobre la lengua y los textos,31,Reconocer relaciones básicas de semejanza y oposición entre palabras.,2026
1,Lengua y Literatura,Conocimiento y reflexión sobre la lengua y los textos,32,Reconocer la oración como unidad de sentido.,2026
1,Lengua y Literatura,Conocimiento y reflexión sobre la lengua y los textos,33,"Reconocer elementos básicos de una narración: espacio, tiempo, acciones y personajes.",2026
1,Lengua y Literatura,Conocimiento y reflexión sobre la lengua y los textos,34,Reflexionar sobre dudas ortográficas frecuentes.,2026
1,Lengua y Literatura,Conocimiento y reflexión sobre la lengua y los textos,35,Usar mayúscula al inicio de oración y en nombres propios.,2026
1,Lengua y Literatura,Conocimiento y reflexión sobre la lengua y los textos,36,Usar punto final.,2026
1,Lengua y Literatura,Conocimiento y reflexión sobre la lengua y los textos,37,Reconocer signos de interrogación y exclamación.,2026
1,Lengua y Literatura,Conocimiento y reflexión sobre la lengua y los textos,38,Identificar sílabas en palabras escritas.,2026
1,Lengua y Literatura,Conocimiento y reflexión sobre la lengua y los textos,39,"Distinguir características básicas de hablar, escuchar, leer y escribir.",2026
1,Lengua y Literatura,Conocimiento y reflexión sobre la lengua y los textos,40,Reconocer la diversidad de formas de hablar presentes en la comunidad y en Argentina.,2026
1,Lengua y Literatura,Literatura,41,Participar en conversaciones literarias sobre textos escuchados o leídos.,2026
1,Lengua y Literatura,Literatura,42,"Compartir interpretaciones, preferencias y relaciones entre literatura y experiencia personal.",2026
1,Lengua y Literatura,Literatura,43,Participar en situaciones de lectura literaria y escritura de invención.,2026
1,Lengua y Literatura,Literatura,44,"Leer cuentos tradicionales, populares, fábulas y leyendas.",2026
1,Lengua y Literatura,Literatura,45,"Reconocer personajes, lugares y acontecimientos centrales de los relatos.",2026
1,Lengua y Literatura,Literatura,46,"Leer y escuchar poemas, canciones, nanas, rondas, coplas, adivinanzas y trabalenguas.",2026
1,Lengua y Literatura,Literatura,47,"Reconocer repeticiones, imágenes sensoriales y rimas.",2026
1,Lengua y Literatura,Literatura,48,"Disfrutar de la escucha de cuentos, novelas y géneros poéticos orales.",2026
1,Lengua y Literatura,Literatura,49,"Crear títulos, nombres de personajes, adivinanzas, versos u otras producciones a partir de textos leídos.",2026
1,Lengua y Literatura,Literatura,50,Usar paratextos literarios como pistas para anticipar y relacionar sentidos.,2026
2,Lengua y Literatura,Oralidad,1,"Conversar sobre experiencias personales, juegos, textos literarios y actividades escolares.",2026
2,Lengua y Literatura,Oralidad,2,Usar fórmulas de cortesía y respetar turnos de habla.,2026
2,Lengua y Literatura,Oralidad,3,"Relatar experiencias, anécdotas y renarrar textos con diferentes propósitos.",2026
2,Lengua y Literatura,Oralidad,4,Organizar oralmente información en secuencias simples.,2026
2,Lengua y Literatura,Oralidad,5,"Describir objetos, animales y personas atendiendo a rasgos observables.",2026
2,Lengua y Literatura,Oralidad,6,Comprender y producir instrucciones breves vinculadas con situaciones escolares y lúdicas.,2026
2,Lengua y Literatura,Oralidad,7,Explicar temas de interés y formular preguntas abiertas y cerradas.,2026
2,Lengua y Literatura,Oralidad,8,Expresar opiniones y comentarios sobre temas de interés y lecturas compartidas.,2026
2,Lengua y Literatura,Oralidad,9,Escuchar comprensivamente textos literarios y no literarios.,2026
2,Lengua y Literatura,Escritura,10,Escribir palabras simples y complejas con creciente autonomía.,2026
2,Lengua y Literatura,Escritura,11,Aplicar correspondencias fonográficas regulares y multívocas.,2026
2,Lengua y Literatura,Escritura,12,Conocer el nombre y el orden de las letras del abecedario.,2026
2,Lengua y Literatura,Escritura,13,Escribir oraciones de complejidad creciente.,2026
2,Lengua y Literatura,Escritura,14,Segmentar convencionalmente las palabras.,2026
2,Lengua y Literatura,Escritura,15,Aplicar convenciones ortográficas y de puntuación.,2026
2,Lengua y Literatura,Escritura,16,"Escribir narraciones, descripciones e instrucciones breves.",2026
2,Lengua y Literatura,Escritura,17,"Planificar, escribir, revisar y reformular producciones.",2026
2,Lengua y Literatura,Lectura,18,"Leer palabras, oraciones y textos breves.",2026
2,Lengua y Literatura,Lectura,19,Desarrollar progresivamente la fluidez lectora.,2026
2,Lengua y Literatura,Lectura,20,Participar en lectura dialógica en voz alta.,2026
2,Lengua y Literatura,Lectura,21,Realizar lecturas silenciosas de textos adecuados al grado.,2026
2,Lengua y Literatura,Lectura,22,Leer textos literarios y no literarios de distintos géneros y formatos.,2026
2,Lengua y Literatura,Lectura,23,Leer en soportes y portadores variados.,2026
2,Lengua y Literatura,Lectura,24,Explorar paratextos para anticipar información y sentidos.,2026
2,Lengua y Literatura,Conocimiento y reflexión sobre la lengua y los textos,25,Identificar y analizar sonidos en las palabras.,2026
2,Lengua y Literatura,Conocimiento y reflexión sobre la lengua y los textos,26,Aplicar correspondencias fonográficas y reconocer dígrafos.,2026
2,Lengua y Literatura,Conocimiento y reflexión sobre la lengua y los textos,27,"Reconocer sustantivos, adjetivos y verbos por su función básica.",2026
2,Lengua y Literatura,Conocimiento y reflexión sobre la lengua y los textos,28,Ampliar vocabulario y consultar significados desconocidos.,2026
2,Lengua y Literatura,Conocimiento y reflexión sobre la lengua y los textos,29,Usar prefijos y sufijos frecuentes para formar palabras.,2026
2,Lengua y Literatura,Conocimiento y reflexión sobre la lengua y los textos,30,Reconocer sinonimia y antonimia.,2026
2,Lengua y Literatura,Conocimiento y reflexión sobre la lengua y los textos,31,Reconocer oración y párrafo como unidades de sentido.,2026
2,Lengua y Literatura,Conocimiento y reflexión sobre la lengua y los textos,32,Reconocer elementos de la narración y su organización cronológica.,2026
2,Lengua y Literatura,Conocimiento y reflexión sobre la lengua y los textos,33,Reconocer personajes principales y secundarios.,2026
2,Lengua y Literatura,Conocimiento y reflexión sobre la lengua y los textos,34,Reflexionar sobre correspondencias ortográficas frecuentes.,2026
2,Lengua y Literatura,Conocimiento y reflexión sobre la lengua y los textos,35,"Usar mayúsculas, punto y aparte y punto final.",2026
2,Lengua y Literatura,Conocimiento y reflexión sobre la lengua y los textos,36,Usar progresivamente la tilde en palabras frecuentes.,2026
2,Lengua y Literatura,Conocimiento y reflexión sobre la lengua y los textos,37,Identificar sílabas y aproximarse al reconocimiento de la sílaba tónica.,2026
2,Lengua y Literatura,Conocimiento y reflexión sobre la lengua y los textos,38,Reflexionar sobre diferencias entre oralidad y escritura.,2026
2,Lengua y Literatura,Conocimiento y reflexión sobre la lengua y los textos,39,Reconocer variedades lingüísticas de la comunidad y del país.,2026
2,Lengua y Literatura,Literatura,40,Participar en conversaciones literarias con interpretaciones progresivamente más complejas.,2026
2,Lengua y Literatura,Literatura,41,"Expresar preferencias sobre géneros, autores y obras.",2026
2,Lengua y Literatura,Literatura,42,"Leer cuentos tradicionales, cuentos de fórmula, clásicos revisitados, cuentos de autor y libros álbum.",2026
2,Lengua y Literatura,Literatura,43,Reconocer personajes principales y secundarios y acontecimientos centrales.,2026
2,Lengua y Literatura,Literatura,44,Establecer relaciones temporales entre acontecimientos del relato.,2026
2,Lengua y Literatura,Literatura,45,"Leer historietas y reconocer secuencia narrativa, viñetas y globos.",2026
2,Lengua y Literatura,Literatura,46,Leer poemas y otros géneros poéticos orales.,2026
2,Lengua y Literatura,Literatura,47,Reconocer componentes sonoros y semánticos como rima e imágenes sensoriales.,2026
2,Lengua y Literatura,Literatura,48,"Crear escenas, títulos, personajes, historietas, narraciones o poemas a partir de lecturas.",2026
2,Lengua y Literatura,Literatura,49,"Participar en circuitos de lectura: biblioteca, feria, club de lectura u otros.",2026
3,Lengua y Literatura,Oralidad,1,Sostener el tema de una conversación integrando aportes de otros.,2026
3,Lengua y Literatura,Oralidad,2,Expresar opiniones propias y comenzar a fundamentarlas.,2026
3,Lengua y Literatura,Oralidad,3,"Relatar experiencias, hechos del entorno y renarrar textos ficcionales y no ficcionales.",2026
3,Lengua y Literatura,Oralidad,4,Organizar cronológicamente acciones e incorporar descripciones.,2026
3,Lengua y Literatura,Oralidad,5,Realizar descripciones detalladas y organizadas.,2026
3,Lengua y Literatura,Oralidad,6,"Producir instrucciones con secuencia lógica, precisión léxica y claridad.",2026
3,Lengua y Literatura,Oralidad,7,Realizar exposiciones breves adecuadas al tema y al destinatario.,2026
3,Lengua y Literatura,Oralidad,8,Identificar ideas principales y emplear vocabulario específico al exponer.,2026
3,Lengua y Literatura,Oralidad,9,"Usar voz, ritmo, pausas y gestualidad en exposiciones.",2026
3,Lengua y Literatura,Oralidad,10,Justificar puntos de vista sobre temas de interés y consumos culturales.,2026
3,Lengua y Literatura,Oralidad,11,Escuchar comprensivamente textos literarios y no literarios.,2026
3,Lengua y Literatura,Escritura,12,Escribir palabras complejas con autonomía creciente.,2026
3,Lengua y Literatura,Escritura,13,Escribir oraciones con complejidad sintáctica y semántica creciente.,2026
3,Lengua y Literatura,Escritura,14,Segmentar palabras convencionalmente.,2026
3,Lengua y Literatura,Escritura,15,Aplicar convenciones ortográficas y de puntuación.,2026
3,Lengua y Literatura,Escritura,16,"Escribir narraciones, descripciones e instrucciones atendiendo a rasgos del género.",2026
3,Lengua y Literatura,Escritura,17,"Planificar, textualizar, revisar y reformular textos.",2026
3,Lengua y Literatura,Lectura,18,Leer textos breves con fluidez y entonación.,2026
3,Lengua y Literatura,Lectura,19,Participar en lectura dialógica y avanzar hacia lectura autónoma.,2026
3,Lengua y Literatura,Lectura,20,Leer en voz alta y en silencio.,2026
3,Lengua y Literatura,Lectura,21,Leer textos literarios y no literarios de diversos géneros y formatos.,2026
3,Lengua y Literatura,Lectura,22,"Leer historias de vida, infografías, cartas, noticias, fichas, biografías y avisos, entre otros.",2026
3,Lengua y Literatura,Lectura,23,Explorar paratextos para construir anticipaciones y sentidos.,2026
3,Lengua y Literatura,Conocimiento y reflexión sobre la lengua y los textos,24,Conceptualizar sustantivos y distinguir comunes y propios.,2026
3,Lengua y Literatura,Conocimiento y reflexión sobre la lengua y los textos,25,Reconocer género y número y reglas básicas de plural y género.,2026
3,Lengua y Literatura,Conocimiento y reflexión sobre la lengua y los textos,26,Formar aumentativos y diminutivos.,2026
3,Lengua y Literatura,Conocimiento y reflexión sobre la lengua y los textos,27,Reconocer adjetivos calificativos y verbos de acción y sus funciones.,2026
3,Lengua y Literatura,Conocimiento y reflexión sobre la lengua y los textos,28,Ampliar vocabulario y usar diccionarios u otras fuentes de consulta.,2026
3,Lengua y Literatura,Conocimiento y reflexión sobre la lengua y los textos,29,Formar palabras por derivación y composición.,2026
3,Lengua y Literatura,Conocimiento y reflexión sobre la lengua y los textos,30,"Reconocer sinonimia, antonimia, hiperonimia e hiponimia.",2026
3,Lengua y Literatura,Conocimiento y reflexión sobre la lengua y los textos,31,Reconocer oración y párrafo como unidades semánticas y sintácticas.,2026
3,Lengua y Literatura,Conocimiento y reflexión sobre la lengua y los textos,32,Analizar elementos de la narración y los verbos que organizan acciones.,2026
3,Lengua y Literatura,Conocimiento y reflexión sobre la lengua y los textos,33,"Reconocer elementos básicos de descripción, instrucción y explicación.",2026
3,Lengua y Literatura,Conocimiento y reflexión sobre la lengua y los textos,34,Aplicar convenciones ortográficas propias del sistema.,2026
3,Lengua y Literatura,Conocimiento y reflexión sobre la lengua y los textos,35,"Usar signos de puntuación, incluida la raya de diálogo.",2026
3,Lengua y Literatura,Conocimiento y reflexión sobre la lengua y los textos,36,Reconocer sílaba tónica y usar progresivamente la tilde.,2026
3,Lengua y Literatura,Conocimiento y reflexión sobre la lengua y los textos,37,Reflexionar sobre modalidades oral y escrita y sobre variedades lingüísticas.,2026
3,Lengua y Literatura,Literatura,38,Participar autónomamente en conversaciones literarias.,2026
3,Lengua y Literatura,Literatura,39,"Relacionar textos con experiencias, otros textos y conocimientos del mundo.",2026
3,Lengua y Literatura,Literatura,40,Leer cuentos de autor y otros relatos sosteniendo el hilo argumental.,2026
3,Lengua y Literatura,Literatura,41,"Analizar personajes, espacios, acontecimientos y motivaciones.",2026
3,Lengua y Literatura,Literatura,42,Leer historietas y reconocer convenciones del género.,2026
3,Lengua y Literatura,Literatura,43,"Leer obras teatrales breves y reconocer actos, escenas y parlamentos.",2026
3,Lengua y Literatura,Literatura,44,Leer poemas y reconocer recursos sonoros y semánticos.,2026
3,Lengua y Literatura,Literatura,45,"Producir escenas nuevas, diálogos, historietas, narraciones y poemas.",2026
3,Lengua y Literatura,Literatura,46,"Usar diversos medios expresivos: escritura, audio, video, dramatización e imagen.",2026
3,Lengua y Literatura,Literatura,47,Participar en bibliotecas y otros circuitos de circulación literaria.,2026
4,Lengua y Literatura,Oralidad,1,Reconocer la intención comunicativa y el tópico del intercambio en conversaciones y debates; diferenciar hechos y opiniones.,2026
4,Lengua y Literatura,Oralidad,2,"Relatar oralmente atendiendo a personajes, acciones y organización de la narración.",2026
4,Lengua y Literatura,Oralidad,3,Realizar exposiciones y explicaciones sobre temas de estudio.,2026
4,Lengua y Literatura,Oralidad,4,"Describir seres, objetos, paisajes y situaciones con vocabulario pertinente.",2026
4,Lengua y Literatura,Oralidad,5,Comprender y producir instrucciones identificando propósito y secuencia de acciones.,2026
4,Lengua y Literatura,Oralidad,6,"Escuchar comprensivamente retratos, biografías, noticias, textos de divulgación, cuentos, consignas y opiniones.",2026
4,Lengua y Literatura,Oralidad,7,Usar la voz y el cuerpo de manera adecuada al exponer.,2026
4,Lengua y Literatura,Escritura,8,Escribir narraciones con estructura básica y acciones ordenadas cronológicamente.,2026
4,Lengua y Literatura,Escritura,9,Describir personajes dentro de narraciones.,2026
4,Lengua y Literatura,Escritura,10,Escribir descripciones breves enumerando características de seres y objetos.,2026
4,Lengua y Literatura,Escritura,11,Usar adjetivos calificativos en descripciones.,2026
4,Lengua y Literatura,Escritura,12,Escribir instrucciones simples con pasos y elementos necesarios.,2026
4,Lengua y Literatura,Escritura,13,Usar verbos frecuentes propios de las instrucciones.,2026
4,Lengua y Literatura,Escritura,14,Escribir explicaciones breves con estructura pregunta-respuesta o problema-solución.,2026
4,Lengua y Literatura,Escritura,15,Usar vocabulario técnico o disciplinar en explicaciones.,2026
4,Lengua y Literatura,Escritura,16,Expresar opiniones y puntos de vista en argumentaciones breves.,2026
4,Lengua y Literatura,Escritura,17,"Escribir diálogos breves atendiendo al orden de los intercambios, la raya de diálogo y los signos de interrogación y exclamación.",2026
4,Lengua y Literatura,Escritura,18,"Planificar, textualizar, revisar y reescribir producciones.",2026
4,Lengua y Literatura,Lectura,19,Leer en voz alta con fluidez textos diversos.,2026
4,Lengua y Literatura,Lectura,20,Respetar pausas indicadas por puntuación y acentuación.,2026
4,Lengua y Literatura,Lectura,21,"Aplicar estrategias de comprensión antes, durante y después de leer.",2026
4,Lengua y Literatura,Lectura,22,Activar conocimientos previos y ampliar vocabulario.,2026
4,Lengua y Literatura,Lectura,23,Identificar información explícita e inferir información implícita.,2026
4,Lengua y Literatura,Lectura,24,Relacionar textos con experiencias personales.,2026
4,Lengua y Literatura,Lectura,25,Organizar hechos y acciones principales.,2026
4,Lengua y Literatura,Lectura,26,Identificar el tema del texto.,2026
4,Lengua y Literatura,Conocimiento y reflexión sobre la lengua y los textos,27,"Reconocer sustantivos concretos y abstractos, género y número.",2026
4,Lengua y Literatura,Conocimiento y reflexión sobre la lengua y los textos,28,"Analizar concordancia entre sustantivos, artículos y adjetivos.",2026
4,Lengua y Literatura,Conocimiento y reflexión sobre la lengua y los textos,29,"Trabajar diminutivos, aumentativos y familias de palabras.",2026
4,Lengua y Literatura,Conocimiento y reflexión sobre la lengua y los textos,30,Reconocer adjetivos calificativos y su concordancia.,2026
4,Lengua y Literatura,Conocimiento y reflexión sobre la lengua y los textos,31,Reconocer verbos y sus funciones en textos.,2026
4,Lengua y Literatura,Conocimiento y reflexión sobre la lengua y los textos,32,Analizar componentes básicos de la oración.,2026
4,Lengua y Literatura,Conocimiento y reflexión sobre la lengua y los textos,33,Reflexionar sobre coherencia textual y organización de ideas en párrafos.,2026
4,Lengua y Literatura,Conocimiento y reflexión sobre la lengua y los textos,34,"Reconocer propósitos y componentes de narraciones, descripciones, explicaciones, instrucciones y argumentaciones.",2026
4,Lengua y Literatura,Conocimiento y reflexión sobre la lengua y los textos,35,"Reflexionar sobre ortografía, acentuación y puntuación en los textos producidos.",2026
4,Lengua y Literatura,Literatura,36,Leer textos de tradición oral y textos literarios de autor en distintos formatos.,2026
4,Lengua y Literatura,Literatura,37,"Leer cuentos, fábulas, leyendas, novelas breves, poesías, canciones y obras teatrales.",2026
4,Lengua y Literatura,Literatura,38,"Escribir textos de invención a partir de personajes, escenas, historietas, cuentos y poemas.",2026
4,Lengua y Literatura,Literatura,39,Reconocer rasgos básicos del género narrativo.,2026
4,Lengua y Literatura,Literatura,40,Reconocer organización de historietas y tiras cómicas.,2026
4,Lengua y Literatura,Literatura,41,"Reconocer elementos básicos del género poético: verso, estrofa, rima e imágenes.",2026
4,Lengua y Literatura,Literatura,42,Reconocer formas básicas del género dramático: personajes y parlamentos.,2026
4,Lengua y Literatura,Literatura,43,"Participar en prácticas de lectura e invención en bibliotecas, ferias y clubes de lectura.",2026
4,Lengua y Literatura,Literatura,44,"Usar paratextos para anticipar género, autor y temática.",2026
5,Lengua y Literatura,Oralidad,1,Argumentar opiniones con recursos básicos en conversaciones y debates.,2026
5,Lengua y Literatura,Oralidad,2,Adecuar el discurso oral a la situación comunicativa.,2026
5,Lengua y Literatura,Oralidad,3,Reconocer personajes principales y secundarios en narraciones orales.,2026
5,Lengua y Literatura,Oralidad,4,Incorporar diálogos y descripciones en narraciones.,2026
5,Lengua y Literatura,Oralidad,5,Organizar exposiciones y explicaciones en tema principal y subtemas.,2026
5,Lengua y Literatura,Oralidad,6,"Describir seres, objetos y paisajes estableciendo semejanzas y diferencias.",2026
5,Lengua y Literatura,Oralidad,7,Reconocer y usar verbos que indican acciones o pasos a seguir en instrucciones.,2026
5,Lengua y Literatura,Oralidad,8,Escuchar comprensivamente textos literarios y no literarios variados.,2026
5,Lengua y Literatura,Oralidad,9,"Usar entonación, ritmo, pausas y gestualidad al exponer.",2026
5,Lengua y Literatura,Escritura,10,Escribir narraciones incorporando diálogos y descripciones de personajes.,2026
5,Lengua y Literatura,Escritura,11,Distinguir y producir narraciones literarias y no literarias.,2026
5,Lengua y Literatura,Escritura,12,"Escribir descripciones de seres, objetos y paisajes.",2026
5,Lengua y Literatura,Escritura,13,Usar adjetivos gentilicios y numerales.,2026
5,Lengua y Literatura,Escritura,14,Escribir instrucciones de mayor complejidad e incluir advertencias.,2026
5,Lengua y Literatura,Escritura,15,"Escribir explicaciones con definiciones, ejemplos, títulos y subtítulos.",2026
5,Lengua y Literatura,Escritura,16,Producir argumentaciones con tesis y argumentos sencillos.,2026
5,Lengua y Literatura,Escritura,17,Escribir diálogos en historietas y cómics.,2026
5,Lengua y Literatura,Escritura,18,"Usar verbos del decir habituales en los diálogos (decir, señalar, expresar) y formas discursivas para introducir y cerrar el diálogo.",2026
5,Lengua y Literatura,Escritura,19,"Planificar, textualizar, revisar y reescribir atendiendo a cohesión, coherencia y corrección.",2026
5,Lengua y Literatura,Lectura,20,"Leer en voz alta según características de textos narrativos, poéticos y teatrales.",2026
5,Lengua y Literatura,Lectura,21,Modificar velocidad y entonación para transmitir sentidos y emociones.,2026
5,Lengua y Literatura,Lectura,22,"Aplicar estrategias de comprensión antes, durante y después de la lectura.",2026
5,Lengua y Literatura,Lectura,23,Formular hipótesis de lectura en textos de estudio.,2026
5,Lengua y Literatura,Lectura,24,Seleccionar fuentes tradicionales y digitales para buscar información.,2026
5,Lengua y Literatura,Lectura,25,Inferir sentimientos y emociones de personajes.,2026
5,Lengua y Literatura,Lectura,26,Identificar palabras clave e ideas principales.,2026
5,Lengua y Literatura,Conocimiento y reflexión sobre la lengua y los textos,27,Reconocer sustantivos individuales y colectivos y su función en el sujeto.,2026
5,Lengua y Literatura,Conocimiento y reflexión sobre la lengua y los textos,28,Formar sustantivos mediante sufijación.,2026
5,Lengua y Literatura,Conocimiento y reflexión sobre la lengua y los textos,29,Reconocer adjetivos gentilicios y numerales y su concordancia.,2026
5,Lengua y Literatura,Conocimiento y reflexión sobre la lengua y los textos,30,Analizar formación de palabras y relaciones léxicas.,2026
5,Lengua y Literatura,Conocimiento y reflexión sobre la lengua y los textos,31,Profundizar el análisis de sujeto y predicado.,2026
5,Lengua y Literatura,Conocimiento y reflexión sobre la lengua y los textos,32,"Usar conectores de orden, adición y causa-consecuencia.",2026
5,Lengua y Literatura,Conocimiento y reflexión sobre la lengua y los textos,33,Organizar párrafos con tema principal y subtemas.,2026
5,Lengua y Literatura,Conocimiento y reflexión sobre la lengua y los textos,34,"Analizar narraciones con núcleos narrativos, descripciones y diálogos.",2026
5,Lengua y Literatura,Conocimiento y reflexión sobre la lengua y los textos,35,Analizar descripciones literarias y no literarias.,2026
5,Lengua y Literatura,Conocimiento y reflexión sobre la lengua y los textos,36,Reconocer estructura y recursos de argumentaciones y explicaciones.,2026
5,Lengua y Literatura,Conocimiento y reflexión sobre la lengua y los textos,37,"Aplicar reglas ortográficas, de acentuación y puntuación en contexto.",2026
5,Lengua y Literatura,Literatura,38,Leer textos de tradición oral y obras de autor en formatos diversos.,2026
5,Lengua y Literatura,Literatura,39,"Leer novela gráfica, cuentos fantásticos, de aventuras y de terror, entre otros.",2026
5,Lengua y Literatura,Literatura,40,"Escribir descripciones de ambientes, historietas, cuentos, poemas y escenas teatrales.",2026
5,Lengua y Literatura,Literatura,41,Reconocer rasgos de distintos tipos de cuentos y novelas.,2026
5,Lengua y Literatura,Literatura,42,Analizar recursos para crear ambientes y caracterizar personajes.,2026
5,Lengua y Literatura,Literatura,43,Reconocer elementos estructurales y recursos del género poético.,2026
5,Lengua y Literatura,Literatura,44,"Reconocer actos, escenas, acción y conflicto en el género dramático.",2026
5,Lengua y Literatura,Literatura,45,Participar en circuitos de difusión y consumo de literatura.,2026
5,Lengua y Literatura,Literatura,46,Analizar paratextos como parte de la construcción de sentido.,2026
6,Lengua y Literatura,Oralidad,1,Participar en conversaciones y debates usando estructura y recursos básicos de la argumentación.,2026
6,Lengua y Literatura,Oralidad,2,Usar conectores propios de la argumentación.,2026
6,Lengua y Literatura,Oralidad,3,Analizar características de personajes y espacios en narraciones orales.,2026
6,Lengua y Literatura,Oralidad,4,"Organizar exposiciones mediante definiciones, ejemplos, preguntas y respuestas.",2026
6,Lengua y Literatura,Oralidad,5,Usar verbos de estado y organización estructurada en descripciones.,2026
6,Lengua y Literatura,Oralidad,6,"Producir instrucciones con conectores de orden, temporales y causales.",2026
6,Lengua y Literatura,Oralidad,7,Usar verbos específicos e imperativo en instrucciones.,2026
6,Lengua y Literatura,Oralidad,8,Escuchar comprensivamente textos literarios y no literarios variados.,2026
6,Lengua y Literatura,Oralidad,9,"Usar de manera consciente voz, ritmo, pausas y gestualidad.",2026
6,Lengua y Literatura,Escritura,10,"Escribir narraciones usando tiempos verbales, acciones principales/secundarias y relaciones causales.",2026
6,Lengua y Literatura,Escritura,11,Describir paisajes y escenas dentro de narraciones.,2026
6,Lengua y Literatura,Escritura,12,"Escribir descripciones literarias, no literarias y técnicas con vocabulario específico.",2026
6,Lengua y Literatura,Escritura,13,Escribir instrucciones complejas con subpasos y verbos específicos.,2026
6,Lengua y Literatura,Escritura,14,"Escribir explicaciones con introducción, problema/pregunta, desarrollo y conclusión.",2026
6,Lengua y Literatura,Escritura,15,"Integrar gráficos, imágenes y epígrafes en explicaciones.",2026
6,Lengua y Literatura,Escritura,16,"Escribir argumentaciones con presentación, tesis, argumentos y cierre.",2026
6,Lengua y Literatura,Escritura,17,Usar ejemplificación y conectores básicos que introducen ejemplos en argumentaciones.,2026
6,Lengua y Literatura,Escritura,18,Producir diálogos de entrevistas con preguntas abiertas y cerradas y registro de respuestas; usar verbos del decir para transmitir emociones.,2026
6,Lengua y Literatura,Escritura,19,"Gestionar el proceso de escritura completo: planificación, borradores, revisión y reescritura.",2026
6,Lengua y Literatura,Lectura,20,"Leer en voz alta textos complejos con fluidez, entonación y adecuación al género.",2026
6,Lengua y Literatura,Lectura,21,"Aplicar estrategias de comprensión antes, durante y después de leer.",2026
6,Lengua y Literatura,Lectura,22,Predecir estructura y características textuales.,2026
6,Lengua y Literatura,Lectura,23,Automonitorear comprensión y resolver dificultades.,2026
6,Lengua y Literatura,Lectura,24,"Elaborar resúmenes, síntesis y organizadores gráficos.",2026
6,Lengua y Literatura,Lectura,25,"Buscar, seleccionar y contrastar información en fuentes diversas.",2026
6,Lengua y Literatura,Lectura,26,"Identificar ideas principales, subtemas e información implícita.",2026
6,Lengua y Literatura,Conocimiento y reflexión sobre la lengua y los textos,27,Reconocer sustantivos contables/incontables e invariabilidades de género o número.,2026
6,Lengua y Literatura,Conocimiento y reflexión sobre la lengua y los textos,28,Formar sustantivos por derivación.,2026
6,Lengua y Literatura,Conocimiento y reflexión sobre la lengua y los textos,29,Reconocer gradación del adjetivo y sus funciones.,2026
6,Lengua y Literatura,Conocimiento y reflexión sobre la lengua y los textos,30,"Profundizar tiempos, modos y funciones verbales.",2026
6,Lengua y Literatura,Conocimiento y reflexión sobre la lengua y los textos,31,Analizar pronombres y adverbios en textos.,2026
6,Lengua y Literatura,Conocimiento y reflexión sobre la lengua y los textos,32,Analizar sujeto expreso/tácito y modificadores del sujeto.,2026
6,Lengua y Literatura,Conocimiento y reflexión sobre la lengua y los textos,33,Reconocer circunstanciales en el predicado verbal.,2026
6,Lengua y Literatura,Conocimiento y reflexión sobre la lengua y los textos,34,Trabajar cohesión y coherencia textual.,2026
6,Lengua y Literatura,Conocimiento y reflexión sobre la lengua y los textos,35,Analizar narraciones canónicas y no canónicas.,2026
6,Lengua y Literatura,Conocimiento y reflexión sobre la lengua y los textos,36,"Analizar descripciones, argumentaciones, explicaciones e instrucciones en diversos géneros.",2026
6,Lengua y Literatura,Conocimiento y reflexión sobre la lengua y los textos,37,Reflexionar sobre variedades lingüísticas.,2026
6,Lengua y Literatura,Conocimiento y reflexión sobre la lengua y los textos,38,"Aplicar convenciones ortográficas, tildación y signos de puntuación.",2026
6,Lengua y Literatura,Literatura,39,"Leer mitos, parábolas, romances, payadas y otros textos de tradición oral.",2026
6,Lengua y Literatura,Literatura,40,"Leer cuentos realistas, de ciencia ficción y policiales, microrrelatos, bestiarios y diarios de viaje.",2026
6,Lengua y Literatura,Literatura,41,"Escribir cuentos, poemas, escenas teatrales y cuadros de novelas gráficas.",2026
6,Lengua y Literatura,Literatura,42,Analizar estructuras narrativas y recursos expresivos de diferentes géneros.,2026
6,Lengua y Literatura,Literatura,43,Reconocer formas canónicas y no canónicas de poesía.,2026
6,Lengua y Literatura,Literatura,44,"Analizar metáforas, anáforas, tipos de rima, tono y tema poético.",2026
6,Lengua y Literatura,Literatura,45,"Reconocer acotaciones, personajes y puesta en escena del género dramático.",2026
6,Lengua y Literatura,Literatura,46,Participar en prácticas de lectura e invención en circuitos literarios.,2026
6,Lengua y Literatura,Literatura,47,Analizar la construcción de paratextos.,2026
7,Lengua y Literatura,Oralidad,1,"Manifestar opiniones, acuerdos y desacuerdos y justificar puntos de vista en conversaciones y debates.",2026
7,Lengua y Literatura,Oralidad,2,"Usar ejemplificación, citas de autoridad, analogías y datos en argumentaciones orales.",2026
7,Lengua y Literatura,Oralidad,3,Automonitorear la comprensión durante la escucha.,2026
7,Lengua y Literatura,Oralidad,4,Organizar acciones principales y secundarias de narraciones en relaciones cronológicas y causales.,2026
7,Lengua y Literatura,Oralidad,5,"Usar tiempos verbales, adverbios y conectores propios de la narración.",2026
7,Lengua y Literatura,Oralidad,6,Organizar temas y subtemas en explicaciones y exposiciones.,2026
7,Lengua y Literatura,Oralidad,7,Buscar información y planificar exposiciones.,2026
7,Lengua y Literatura,Oralidad,8,"Usar definiciones, ejemplos, reformulaciones y analogías al explicar.",2026
7,Lengua y Literatura,Oralidad,9,Tomar notas y formular preguntas clarificadoras.,2026
7,Lengua y Literatura,Oralidad,10,Usar recursos gráficos y fichas como apoyo de exposiciones.,2026
7,Lengua y Literatura,Oralidad,11,"Usar comparaciones, metáforas y personificaciones en descripciones.",2026
7,Lengua y Literatura,Oralidad,12,Reconocer propósitos de descripciones literarias y no literarias.,2026
7,Lengua y Literatura,Oralidad,13,Comprender y producir instrucciones propias de entornos digitales.,2026
7,Lengua y Literatura,Oralidad,14,Reflexionar sobre formas adecuadas de diálogo en redes sociales.,2026
7,Lengua y Literatura,Oralidad,15,Escuchar comprensivamente textos literarios y no literarios complejos.,2026
7,Lengua y Literatura,Oralidad,16,"Usar tono, volumen y gestualidad de manera consciente al hablar o exponer.",2026
7,Lengua y Literatura,Escritura,17,"Escribir narraciones no literarias como crónicas, noticias, textos históricos y relatos de viaje.",2026
7,Lengua y Literatura,Escritura,18,Usar recursos retóricos en narraciones literarias.,2026
7,Lengua y Literatura,Escritura,19,Presentar personajes y espacios y manejar tiempos verbales simples y compuestos.,2026
7,Lengua y Literatura,Escritura,20,Escribir descripciones literarias y técnicas con organización lógica.,2026
7,Lengua y Literatura,Escritura,21,"Escribir instrucciones complejas con advertencias, consejos, conectores y vocabulario específico.",2026
7,Lengua y Literatura,Escritura,22,Escribir explicaciones con estructura completa y recursos explicativos.,2026
7,Lengua y Literatura,Escritura,23,Usar paratextos y conectores en textos explicativos.,2026
7,Lengua y Literatura,Escritura,24,"Escribir argumentaciones con tesis, argumentos, cierre y recursos de fundamentación.",2026
7,Lengua y Literatura,Escritura,25,Analizar y producir publicidad y propaganda atendiendo a su intención.,2026
7,Lengua y Literatura,Escritura,26,"Escribir chats y correos electrónicos adecuados a destinatario, intención y situación.",2026
7,Lengua y Literatura,Escritura,27,Aplicar pautas de uso responsable en comunicación digital.,2026
7,Lengua y Literatura,Escritura,28,"Planificar, textualizar, revisar y reescribir textos.",2026
7,Lengua y Literatura,Escritura,29,"Revisar cohesión, coherencia, ortografía, gramática y puntuación.",2026
7,Lengua y Literatura,Lectura,30,Variar velocidad y entonación para enfatizar conceptos y dar voz a personajes.,2026
7,Lengua y Literatura,Lectura,31,"Realizar lectura dramatizada de poemas, obras teatrales y entrevistas.",2026
7,Lengua y Literatura,Lectura,32,"Leer con propósitos diversos: placer, información y estudio.",2026
7,Lengua y Literatura,Lectura,33,Seleccionar críticamente fuentes digitales.,2026
7,Lengua y Literatura,Lectura,34,Reconocer relaciones intertextuales.,2026
7,Lengua y Literatura,Lectura,35,Autoevaluar y gestionar el proceso de lectura y comprensión.,2026
7,Lengua y Literatura,Lectura,36,Detectar dificultades de comprensión y aplicar estrategias para resolverlas.,2026
7,Lengua y Literatura,Lectura,37,"Usar notas al margen, palabras clave, redes conceptuales, fichas, cuadros e informes de lectura.",2026
7,Lengua y Literatura,Conocimiento y reflexión sobre la lengua y los textos,38,Analizar funciones del sustantivo y pronominalizaciones para evitar repeticiones.,2026
7,Lengua y Literatura,Conocimiento y reflexión sobre la lengua y los textos,39,"Reflexionar sobre variaciones léxicas según registro, canal y destinatario.",2026
7,Lengua y Literatura,Conocimiento y reflexión sobre la lengua y los textos,40,Reconocer grados e irregularidades comparativas y superlativas del adjetivo.,2026
7,Lengua y Literatura,Conocimiento y reflexión sobre la lengua y los textos,41,"Usar modos verbales y tiempos simples y compuestos, con atención al voseo.",2026
7,Lengua y Literatura,Conocimiento y reflexión sobre la lengua y los textos,42,Reconocer verbos irregulares y verbos de fenómenos atmosféricos.,2026
7,Lengua y Literatura,Conocimiento y reflexión sobre la lengua y los textos,43,"Reconocer pronombres relativos, indefinidos y cuantitativos y sus funciones.",2026
7,Lengua y Literatura,Conocimiento y reflexión sobre la lengua y los textos,44,Analizar funciones y locuciones adverbiales.,2026
7,Lengua y Literatura,Conocimiento y reflexión sobre la lengua y los textos,45,"Analizar raíz, prefijos y sufijos y formar palabras compuestas.",2026
7,Lengua y Literatura,Conocimiento y reflexión sobre la lengua y los textos,46,Reconocer homónimos y parónimos.,2026
7,Lengua y Literatura,Conocimiento y reflexión sobre la lengua y los textos,47,Analizar núcleos y modificadores del sujeto y complementos del predicado.,2026
7,Lengua y Literatura,Conocimiento y reflexión sobre la lengua y los textos,48,"Usar recursos de cohesión: pronominalización, elipsis, sinonimia y repetición.",2026
7,Lengua y Literatura,Conocimiento y reflexión sobre la lengua y los textos,49,Trabajar unidad y progresión temática.,2026
7,Lengua y Literatura,Conocimiento y reflexión sobre la lengua y los textos,50,"Analizar rasgos de narración, descripción, explicación, instrucción, argumentación y diálogo.",2026
7,Lengua y Literatura,Conocimiento y reflexión sobre la lengua y los textos,51,"Reflexionar sobre variedades diacrónicas, diversidad hispanohablante y prejuicios lingüísticos.",2026
7,Lengua y Literatura,Conocimiento y reflexión sobre la lengua y los textos,52,"Aplicar ortografía de homófonos complejos, tildación diacrítica y reglas de letras.",2026
7,Lengua y Literatura,Conocimiento y reflexión sobre la lengua y los textos,53,"Usar adecuadamente signos de puntuación, especialmente comillas y rayas de diálogo.",2026
7,Lengua y Literatura,Literatura,54,"Leer obras de tradición oral regionales, nacionales, latinoamericanas y universales.",2026
7,Lengua y Literatura,Literatura,55,"Leer novelas, novelas gráficas, cómics, fanzines, cuentos de diversos subgéneros, sagas, mangas y microficciones.",2026
7,Lengua y Literatura,Literatura,56,"Leer poesía, caligramas, poemas visuales, canciones y obras teatrales.",2026
7,Lengua y Literatura,Literatura,57,"Escribir cuentos, historietas, poemas, escenas y capítulos de producciones gráficas.",2026
7,Lengua y Literatura,Literatura,58,Analizar estructuras narrativas canónicas y no canónicas.,2026
7,Lengua y Literatura,Literatura,59,"Analizar narrador, punto de vista, focalización, temporalidad y funciones de personajes.",2026
7,Lengua y Literatura,Literatura,60,"Reconocer recursos expresivos de relatos realistas, fantásticos y policiales.",2026
7,Lengua y Literatura,Literatura,61,"Analizar secuencia narrativa y diálogos en novelas gráficas, mangas y animé.",2026
7,Lengua y Literatura,Literatura,62,"Analizar recursos semánticos, sintácticos y sonoros del género poético.",2026
7,Lengua y Literatura,Literatura,63,"Reconocer ritmo, rima, medida y construcción del yo poético.",2026
7,Lengua y Literatura,Literatura,64,Analizar formas del género dramático y elementos de puesta en escena.,2026
7,Lengua y Literatura,Literatura,65,Trabajar adaptaciones entre lenguajes y formatos.,2026
7,Lengua y Literatura,Literatura,66,"Participar en circuitos de lectura, difusión e invención literaria.",2026
7,Lengua y Literatura,Literatura,67,"Analizar paratextos como pistas sobre género, autor y temática.",2026
1,Matemática,Números y operaciones,1,"Usar números naturales de una, dos y más cifras, en forma oral y escrita, para determinar y comparar cantidades y posiciones.",2026
1,Matemática,Números y operaciones,2,Contar cantidades mediante el recitado de una porción significativa de la serie numérica en escalas ascendentes y descendentes de 1 en 1 y de 10 en 10.,2026
1,Matemática,Números y operaciones,3,Componer y descomponer aditivamente números mayores que 10 como suma de múltiplos de 10 más un dígito.,2026
1,Matemática,Números y operaciones,4,"Reconocer regularidades de la serie numérica y analizar el valor posicional al leer, nombrar, escribir, comparar y operar con números.",2026
1,Matemática,Números y operaciones,5,Analizar con calculadora el valor de una cifra según la posición que ocupa en el número.,2026
1,Matemática,Números y operaciones,6,"Resolver problemas de adición y sustracción con significados de reunir, separar, agregar, avanzar, ganar, quitar, retroceder, perder, comparar y establecer diferencias.",2026
1,Matemática,Números y operaciones,7,"Elaborar preguntas o enunciados de problemas a partir de imágenes, enunciados incompletos, cálculos y otros portadores de datos.",2026
1,Matemática,Números y operaciones,8,"Construir y usar repertorios memorizados de sumas y restas: sumas de dígitos, sumas que dan 10, complementos a 10, decenas enteras más un dígito y sumas de decenas que dan 100.",2026
1,Matemática,Números y operaciones,9,"Construir procedimientos de suma y resta basados en descomposiciones aditivas, cálculo horizontal y propiedades conmutativa y asociativa de la adición.",2026
1,Matemática,Números y operaciones,10,Elaborar estrategias de cálculo aproximado apoyadas en repertorios aditivos memorizados.,2026
1,Matemática,Números y operaciones,11,"Resolver problemas de multiplicación y división con significados de proporcionalidad directa simple, reparto y partición mediante gráficos, conteo, reparto uno a uno y sumas o restas reiteradas.",2026
1,Matemática,Números y operaciones,12,"Expresar simbólicamente las acciones realizadas usando +, − y =.",2026
1,Matemática,Estadística y probabilidad,13,Recolectar información mediante encuestas simples con variables cualitativas.,2026
1,Matemática,Estadística y probabilidad,14,"Organizar e interpretar los datos obtenidos en tablas, gráficos de barras y pictogramas.",2026
1,Matemática,Estadística y probabilidad,15,Interpretar información recolectada en situaciones aleatorias sencillas de azar.,2026
1,Matemática,Estadística y probabilidad,16,"Identificar sucesos seguros, imposibles y probables.",2026
1,Matemática,Geometría y medida,17,Interpretar y comunicar oral y gráficamente posiciones de objetos y personas usando relaciones espaciales.,2026
1,Matemática,Geometría y medida,18,Iniciarse en el uso de dos datos para ubicar elementos en una cuadrícula o sistema de referencia.,2026
1,Matemática,Geometría y medida,19,"Explorar, producir e interpretar recorridos o trayectos mediante consignas, croquis y planos sencillos usando puntos de referencia.",2026
1,Matemática,Geometría y medida,20,"Explorar, reconocer y comparar figuras planas por cantidad de lados y vértices, lados rectos o curvos y lados iguales.",2026
1,Matemática,Geometría y medida,21,"Copiar, componer y describir figuras; producir conjeturas y analizar afirmaciones sobre ellas.",2026
1,Matemática,Geometría y medida,22,Agrupar figuras de acuerdo con características comunes.,2026
1,Matemática,Geometría y medida,23,Usar regla graduada y no graduada para copiar o construir figuras en hoja cuadriculada.,2026
1,Matemática,Geometría y medida,24,"Explorar y reconocer cuerpos geométricos por la forma y cantidad de caras y vértices mediante construcciones, copiados y descripciones.",2026
1,Matemática,Geometría y medida,25,Agrupar cuerpos geométricos de acuerdo con características comunes.,2026
1,Matemática,Geometría y medida,26,"Validar enunciados sobre figuras y cuerpos mediante superposición, plegado o conteo de elementos.",2026
1,Matemática,Geometría y medida,27,"Explorar el uso del reloj y reconocer equivalencias frecuentes entre día, hora, media hora y cuarto de hora.",2026
1,Matemática,Geometría y medida,28,Usar calendarios analógicos y digitales para ubicarse en el tiempo y determinar duraciones.,2026
1,Matemática,Geometría y medida,29,"Comparar longitudes, capacidades y pesos de forma directa y explorar unidades de medida de uso frecuente.",2026
1,Matemática,Geometría y medida,30,"Explorar y usar instrumentos para medir longitudes, capacidades y pesos.",2026
1,Matemática,Geometría y medida,31,Realizar estimaciones a partir de mediciones efectivas de objetos de uso frecuente.,2026
2,Matemática,Números y operaciones,1,"Usar números naturales de una, dos, tres y más cifras, en forma oral y escrita, para determinar y comparar cantidades y posiciones.",2026
2,Matemática,Números y operaciones,2,"Usar escalas ascendentes y descendentes de 2 en 2, de 5 en 5, de 10 en 10 y de 20 en 20.",2026
2,Matemática,Números y operaciones,3,"Componer y descomponer aditivamente números mayores que 100 como suma de múltiplos de 100, múltiplos de 10 y un dígito.",2026
2,Matemática,Números y operaciones,4,"Reconocer regularidades de la serie numérica y analizar el valor posicional al leer, nombrar, escribir, comparar y operar.",2026
2,Matemática,Números y operaciones,5,Analizar con calculadora el valor de una cifra según la posición que ocupa.,2026
2,Matemática,Números y operaciones,6,"Resolver problemas de adición y sustracción con incógnita en el estado inicial o en la transformación, combinación de transformaciones y relaciones entre cantidades.",2026
2,Matemática,Números y operaciones,7,Elaborar preguntas o enunciados de problemas a partir de diferentes portadores de datos.,2026
2,Matemática,Números y operaciones,8,"Construir y usar repertorios de sumas y restas: decenas que dan 100, complementos a 100, decenas iguales o distintas, centenas más números de una o dos cifras y centenas que dan 1000.",2026
2,Matemática,Números y operaciones,9,"Usar y analizar procedimientos de suma y resta basados en propiedades, cálculos horizontales, procedimientos intermedios y, cuando sea posible, el algoritmo convencional.",2026
2,Matemática,Números y operaciones,10,Elaborar estrategias de cálculo aproximado apoyadas en repertorios aditivos.,2026
2,Matemática,Números y operaciones,11,"Resolver problemas de multiplicación y división con proporcionalidad directa, organización rectangular, combinatoria, reparto, partición y análisis del resto.",2026
2,Matemática,Números y operaciones,12,"Expresar simbólicamente las acciones realizadas usando ×, ÷ y =.",2026
2,Matemática,Números y operaciones,13,"Construir y usar repertorios memorizados de multiplicaciones y divisiones: dobles y mitades, triples y tercios, por 5 y por 10.",2026
2,Matemática,Estadística y probabilidad,14,"Interpretar información de encuestas simples con variables cualitativas y cuantitativas discretas en imágenes, tablas, gráficos de barras y pictogramas.",2026
2,Matemática,Estadística y probabilidad,15,Organizar datos en tablas y otras representaciones.,2026
2,Matemática,Estadística y probabilidad,16,Interpretar información en situaciones aleatorias sencillas.,2026
2,Matemática,Estadística y probabilidad,17,"Identificar sucesos seguros, imposibles y probables.",2026
2,Matemática,Geometría y medida,18,Interpretar y comunicar oral y gráficamente posiciones usando relaciones espaciales y dos datos en una cuadrícula.,2026
2,Matemática,Geometría y medida,19,"Leer e interpretar planos y mapas sencillos para comunicar posiciones, recorridos y trayectos.",2026
2,Matemática,Geometría y medida,20,Elaborar y analizar croquis o planos sencillos manteniendo relaciones de tamaño.,2026
2,Matemática,Geometría y medida,21,"Reconocer y comparar figuras por lados, vértices, lados rectos o curvos, lados iguales y diagonales.",2026
2,Matemática,Geometría y medida,22,"Copiar, construir, componer y describir figuras; formular conjeturas y argumentar su validez.",2026
2,Matemática,Geometría y medida,23,Agrupar figuras según lados rectos o curvos y cantidad de lados y vértices.,2026
2,Matemática,Geometría y medida,24,Usar regla graduada y no graduada para copiar o construir figuras en hoja cuadriculada.,2026
2,Matemática,Geometría y medida,25,"Reconocer cuerpos por caras laterales y bases, vértices y aristas mediante construcciones, copiados y descripciones.",2026
2,Matemática,Geometría y medida,26,Agrupar cuerpos según sus caras y la presencia de superficies planas o curvas.,2026
2,Matemática,Geometría y medida,27,Validar enunciados sobre figuras y cuerpos mediante comprobaciones empíricas.,2026
2,Matemática,Geometría y medida,28,"Explorar el reloj y reconocer equivalencias entre día, hora, media hora y cuarto de hora.",2026
2,Matemática,Geometría y medida,29,Usar calendarios para ubicarse en el tiempo y determinar duraciones.,2026
2,Matemática,Geometría y medida,30,"Medir, comparar y ordenar longitudes, capacidades y pesos con diferentes unidades, incluidas unidades convencionales para longitud.",2026
2,Matemática,Geometría y medida,31,"Usar regla, centímetro de costura, vasos graduados y balanza de dos platillos para medir.",2026
2,Matemática,Geometría y medida,32,Realizar estimaciones apoyándose en mediciones efectivas.,2026
3,Matemática,Números y operaciones,1,"Usar números naturales de una, dos, tres, cuatro y más cifras, en forma oral y escrita, para comparar cantidades.",2026
3,Matemática,Números y operaciones,2,Usar escalas ascendentes y descendentes de 100 en 100 y de 1000 en 1000.,2026
3,Matemática,Números y operaciones,3,Componer y descomponer aditiva y multiplicativamente números de cuatro cifras.,2026
3,Matemática,Números y operaciones,4,"Reconocer regularidades de la serie numérica y analizar el valor posicional al leer, nombrar, escribir, comparar y operar.",2026
3,Matemática,Números y operaciones,5,Analizar con calculadora el valor de una cifra según la posición que ocupa.,2026
3,Matemática,Números y operaciones,6,"Resolver problemas de adición y sustracción con distintos significados, posiciones de la incógnita y combinaciones de transformaciones.",2026
3,Matemática,Números y operaciones,7,Elaborar preguntas o enunciados a partir de diferentes portadores de datos.,2026
3,Matemática,Números y operaciones,8,"Construir repertorios de sumas y restas: centenas que dan 1000, complementos a 1000, miles enteros y sumas que dan 10.000.",2026
3,Matemática,Números y operaciones,9,Usar y analizar algoritmos convencionales de suma y resta comparándolos con otros procedimientos.,2026
3,Matemática,Números y operaciones,10,Elaborar estrategias de cálculo aproximado apoyadas en repertorios multiplicativos.,2026
3,Matemática,Números y operaciones,11,"Resolver problemas de multiplicación y división con proporcionalidad directa, organización rectangular, combinatoria, reparto, partición y análisis del resto.",2026
3,Matemática,Números y operaciones,12,"Expresar simbólicamente las acciones realizadas usando ×, ÷ y =.",2026
3,Matemática,Números y operaciones,13,Construir y usar repertorios de la tabla pitagórica y analizar relaciones entre sus productos para resolver multiplicaciones y divisiones.,2026
3,Matemática,Números y operaciones,14,"Construir repertorios de multiplicaciones y divisiones por 10, 100 y 1000.",2026
3,Matemática,Números y operaciones,15,Analizar el algoritmo convencional de la multiplicación por un número de una cifra.,2026
3,Matemática,Números y operaciones,16,Usar procedimientos variados para dividir por un número de una cifra.,2026
3,Matemática,Estadística y probabilidad,17,"Interpretar información de encuestas con variables cualitativas y cuantitativas discretas en imágenes, tablas, gráficos de barras y pictogramas.",2026
3,Matemática,Estadística y probabilidad,18,Organizar datos en tablas y otras representaciones.,2026
3,Matemática,Estadística y probabilidad,19,Interpretar información en situaciones aleatorias sencillas.,2026
3,Matemática,Estadística y probabilidad,20,"Comparar grados de ocurrencia: seguro, imposible, muy probable y poco probable.",2026
3,Matemática,Geometría y medida,21,Interpretar y describir posiciones de objetos y personas en espacios tridimensionales o bidimensionales.,2026
3,Matemática,Geometría y medida,22,"Leer e interpretar planos y mapas sencillos para comunicar posiciones, recorridos y trayectos.",2026
3,Matemática,Geometría y medida,23,Elaborar y analizar croquis o planos sencillos manteniendo relaciones de tamaño.,2026
3,Matemática,Geometría y medida,24,"Reconocer y comparar figuras por lados, vértices, diagonales y ángulos rectos.",2026
3,Matemática,Geometría y medida,25,"Copiar, construir, componer y describir figuras; formular conjeturas y argumentar.",2026
3,Matemática,Geometría y medida,26,"Agrupar figuras por características comunes, incluida la presencia de ángulos rectos.",2026
3,Matemática,Geometría y medida,27,Usar regla y escuadra para copiar o construir figuras en hoja lisa y cuadriculada.,2026
3,Matemática,Geometría y medida,28,Explorar el compás para reproducir modelos circulares.,2026
3,Matemática,Geometría y medida,29,"Reconocer cuerpos por caras laterales, bases, vértices y aristas; construirlos, describirlos y argumentar.",2026
3,Matemática,Geometría y medida,30,"Agrupar cuerpos según caras planas o curvas, bases, caras laterales y cantidad de elementos.",2026
3,Matemática,Geometría y medida,31,Validar enunciados sobre figuras y cuerpos mediante comprobaciones empíricas.,2026
3,Matemática,Geometría y medida,32,Usar relojes de agujas y digitales y cronómetros para leer la hora y determinar duraciones.,2026
3,Matemática,Geometría y medida,33,Usar calendarios para ubicarse en el tiempo y determinar duraciones.,2026
3,Matemática,Geometría y medida,34,"Medir, comparar y ordenar longitudes, capacidades y pesos con unidades convencionales y fracciones de uso frecuente.",2026
3,Matemática,Geometría y medida,35,"Usar instrumentos convencionales para medir longitudes, capacidades y pesos.",2026
3,Matemática,Geometría y medida,36,Realizar estimaciones apoyándose en mediciones efectivas.,2026
3,Matemática,Geometría y medida,37,Usar giros y ángulos rectos para describir trayectos y posiciones.,2026
4,Matemática,Números y operaciones,1,"Usar números naturales de cinco cifras o más, en forma oral y escrita, para comparar cantidades.",2026
4,Matemática,Números y operaciones,2,"Reconocer regularidades de la serie numérica y analizar el valor posicional al leer, escribir, comparar y operar.",2026
4,Matemática,Números y operaciones,3,Componer y descomponer números en forma aditiva y multiplicativa según el valor posicional.,2026
4,Matemática,Números y operaciones,4,Comparar las reglas del sistema romano con las del sistema decimal.,2026
4,Matemática,Números y operaciones,5,"Analizar con calculadora el valor de una cifra al sumar, restar, multiplicar o dividir por la unidad seguida de ceros.",2026
4,Matemática,Números y operaciones,6,"Resolver problemas de suma y resta con varios cálculos, datos, formas de presentación y posiciones de la incógnita.",2026
4,Matemática,Números y operaciones,7,Resolver problemas de combinatoria de dos colecciones y relacionar las estrategias con la multiplicación.,2026
4,Matemática,Números y operaciones,8,Resolver problemas de multiplicación y división en contextos de proporcionalidad directa con números naturales.,2026
4,Matemática,Números y operaciones,9,"Comparar situaciones de proporcionalidad directa, inversa y no proporcional.",2026
4,Matemática,Números y operaciones,10,"Resolver divisiones con significado de iteración mediante sumas, restas o multiplicaciones.",2026
4,Matemática,Números y operaciones,11,Resolver repartos y particiones analizando el resto y la razonabilidad del resultado.,2026
4,Matemática,Números y operaciones,12,Consolidar repertorios de multiplicaciones y divisiones y relaciones en la tabla pitagórica.,2026
4,Matemática,Números y operaciones,13,Construir relaciones de reversibilidad entre múltiplos y divisores en la tabla pitagórica.,2026
4,Matemática,Números y operaciones,14,Usar propiedades de las operaciones para fundamentar procedimientos de cálculo.,2026
4,Matemática,Números y operaciones,15,Construir y comparar algoritmos de multiplicación y división por una o más cifras.,2026
4,Matemática,Números y operaciones,16,"Usar cálculo mental, cálculo aproximado y calculadora según la situación.",2026
4,Matemática,Números y operaciones,17,"Interpretar, registrar y comparar fracciones surgidas de repartos, mediciones y particiones.",2026
4,Matemática,Números y operaciones,18,"Reconstruir el entero a partir de medios, cuartos, octavos y tercios.",2026
4,Matemática,Números y operaciones,19,Reconocer fracciones equivalentes y comparar fracciones entre sí y con el entero.,2026
4,Matemática,Números y operaciones,20,Comparar y ordenar fracciones y números naturales en la recta numérica.,2026
4,Matemática,Números y operaciones,21,"Sumar y restar medios, cuartos y octavos mediante cálculo mental y equivalencias.",2026
4,Matemática,Números y operaciones,22,"Multiplicar una fracción por un número natural en situaciones de medición, reparto y partición.",2026
4,Matemática,Números y operaciones,23,Relacionar fracciones decimales y números decimales en contextos de medida.,2026
4,Matemática,Números y operaciones,24,Analizar el valor posicional de las cifras decimales y comparar decimales en la recta numérica.,2026
4,Matemática,Números y operaciones,25,Reconocer equivalencias frecuentes entre expresiones fraccionarias y decimales.,2026
4,Matemática,Números y operaciones,26,"Realizar cálculos mentales exactos y aproximados de suma, resta y multiplicación con decimales.",2026
4,Matemática,Estadística y probabilidad,27,"Registrar y organizar información estadística en tablas, pictogramas y gráficos de barras y elaborar breves informes.",2026
4,Matemática,Estadística y probabilidad,28,"Interpretar información estadística sencilla presentada en tablas, pictogramas y gráficos de barras.",2026
4,Matemática,Estadística y probabilidad,29,Identificar la moda de un conjunto de datos e interpretarla en contexto.,2026
4,Matemática,Estadística y probabilidad,30,"Interpretar situaciones sencillas de azar y formular conjeturas sobre sucesos probables, imposibles y seguros.",2026
4,Matemática,Geometría y medida,31,Comunicar ubicaciones en cuadrículas mediante instrucciones y sistemas de referencia.,2026
4,Matemática,Geometría y medida,32,Leer mapas y planos sencillos y elaborar croquis manteniendo relaciones de tamaño.,2026
4,Matemática,Geometría y medida,33,Construir las nociones de circunferencia y círculo como lugares geométricos usando regla y compás.,2026
4,Matemática,Geometría y medida,34,"Reconocer, comparar, copiar y construir figuras con lados rectos, circunferencias, arcos y lados paralelos o perpendiculares.",2026
4,Matemática,Geometría y medida,35,Agrupar figuras cóncavas y convexas según propiedades comunes.,2026
4,Matemática,Geometría y medida,36,Construir y clasificar triángulos según lados y presencia de ángulos rectos.,2026
4,Matemática,Geometría y medida,37,"Analizar propiedades de cuadriláteros, rectángulos, cuadrados y rombos.",2026
4,Matemática,Geometría y medida,38,"Construir rectángulos, cuadrados y rombos a partir de datos dados.",2026
4,Matemática,Geometría y medida,39,Analizar representaciones planas de cuerpos desde diferentes perspectivas.,2026
4,Matemática,Geometría y medida,40,Producir conjeturas y argumentar propiedades de figuras y cuerpos.,2026
4,Matemática,Geometría y medida,41,"Medir y calcular longitudes, capacidades y pesos con unidades convencionales de uso frecuente.",2026
4,Matemática,Geometría y medida,42,Establecer equivalencias entre unidades del SIMELA y realizar estimaciones.,2026
4,Matemática,Geometría y medida,43,"Medir intervalos de tiempo y establecer equivalencias entre días, horas, minutos y años.",2026
4,Matemática,Geometría y medida,44,"Comparar, medir y clasificar ángulos tomando el ángulo recto como unidad.",2026
4,Matemática,Geometría y medida,45,Medir y comparar perímetros de figuras poligonales.,2026
4,Matemática,Geometría y medida,46,"Medir y comparar áreas mediante cuadrículas, superposición y recubrimiento.",2026
4,Matemática,Geometría y medida,47,Reconocer la independencia entre la medida del área y la forma de una figura.,2026
4,Matemática,Geometría y medida,48,Explorar relaciones entre perímetro y área.,2026
5,Matemática,Números y operaciones,1,"Usar números naturales sin límite de cifras, en forma oral y escrita, para comparar cantidades.",2026
5,Matemática,Números y operaciones,2,Reconocer regularidades y analizar el valor posicional; componer y descomponer números aditiva y multiplicativamente.,2026
5,Matemática,Números y operaciones,3,Comparar sistemas de numeración no posicionales con el sistema decimal y explicitar las reglas del sistema decimal.,2026
5,Matemática,Números y operaciones,4,Analizar con calculadora el valor de una cifra al operar con la unidad seguida de ceros.,2026
5,Matemática,Números y operaciones,5,"Resolver problemas de suma y resta con varios cálculos, datos y posiciones de la incógnita.",2026
5,Matemática,Números y operaciones,6,"Resolver combinatoria de dos o tres colecciones mediante diagramas, gráficos y cuadros de doble entrada.",2026
5,Matemática,Números y operaciones,7,"Resolver multiplicaciones y divisiones en proporcionalidad directa, incluyendo fracciones y decimales en una de las cantidades.",2026
5,Matemática,Números y operaciones,8,"Comparar situaciones de proporcionalidad directa, inversa y no proporcional.",2026
5,Matemática,Números y operaciones,9,"Resolver división como iteración y reparto o partición, analizando cociente y resto.",2026
5,Matemática,Números y operaciones,10,"Analizar la relación D = d × c + r, con r < d.",2026
5,Matemática,Números y operaciones,11,Construir relaciones de reversibilidad entre múltiplos y divisores y buscar múltiplos y divisores comunes.,2026
5,Matemática,Números y operaciones,12,"Usar propiedades de las operaciones, algoritmos, cálculo mental, aproximado y calculadora.",2026
5,Matemática,Números y operaciones,13,"Interpretar y comparar fracciones surgidas de repartos, mediciones y particiones.",2026
5,Matemática,Números y operaciones,14,Reconstruir el entero a partir de un repertorio amplio de fracciones.,2026
5,Matemática,Números y operaciones,15,"Reconocer fracciones equivalentes y comparar fracciones entre sí, con el entero y con números naturales.",2026
5,Matemática,Números y operaciones,16,Representar y ordenar fracciones en la recta numérica.,2026
5,Matemática,Números y operaciones,17,Sumar y restar fracciones mediante cálculo mental y equivalencias.,2026
5,Matemática,Números y operaciones,18,Multiplicar una fracción por un número natural y multiplicar fracciones en contextos de cálculo de áreas.,2026
5,Matemática,Números y operaciones,19,Relacionar fracciones decimales y números decimales y analizar el valor posicional decimal.,2026
5,Matemática,Números y operaciones,20,Comparar y ordenar decimales en la recta numérica.,2026
5,Matemática,Números y operaciones,21,"Reconocer equivalencias frecuentes entre expresiones fraccionarias, decimales y porcentuales.",2026
5,Matemática,Números y operaciones,22,Realizar cálculos mentales exactos y aproximados con números decimales y usar calculadora para controlarlos.,2026
5,Matemática,Estadística y probabilidad,23,"Registrar y organizar información en tablas, pictogramas y gráficos de barras y elaborar informes.",2026
5,Matemática,Estadística y probabilidad,24,"Interpretar información estadística en tablas, gráficos de barras, pictogramas, histogramas y gráficos circulares.",2026
5,Matemática,Estadística y probabilidad,25,Identificar la moda de un conjunto de datos e interpretarla en contexto.,2026
5,Matemática,Estadística y probabilidad,26,"Interpretar situaciones de azar, formular conjeturas y comprobar sucesos probables, imposibles y seguros.",2026
5,Matemática,Geometría y medida,27,Comunicar ubicaciones mediante rectas de referencia y coordenadas cartesianas.,2026
5,Matemática,Geometría y medida,28,Leer mapas y planos sencillos y elaborar croquis manteniendo relaciones de tamaño.,2026
5,Matemática,Geometría y medida,29,Construir circunferencia y círculo como lugares geométricos y analizar sus relaciones.,2026
5,Matemática,Geometría y medida,30,"Reconocer, copiar y construir figuras con lados rectos, circunferencias, arcos y lados paralelos o perpendiculares.",2026
5,Matemática,Geometría y medida,31,Agrupar figuras cóncavas y convexas según propiedades.,2026
5,Matemática,Geometría y medida,32,Construir triángulos y analizar la propiedad triangular; clasificarlos por lados y ángulos.,2026
5,Matemática,Geometría y medida,33,"Analizar propiedades y clasificar rectángulos, cuadrados, rombos y paralelogramos.",2026
5,Matemática,Geometría y medida,34,Construir cuadriláteros a partir de datos usando instrumentos o software.,2026
5,Matemática,Geometría y medida,35,Analizar representaciones planas de cuerpos desde diferentes perspectivas.,2026
5,Matemática,Geometría y medida,36,Producir conjeturas y argumentar propiedades de figuras y cuerpos.,2026
5,Matemática,Geometría y medida,37,"Medir longitudes, capacidades y pesos y establecer equivalencias del SIMELA.",2026
5,Matemática,Geometría y medida,38,Calcular intervalos de tiempo y estimar duraciones.,2026
5,Matemática,Geometría y medida,39,Medir y clasificar ángulos con transportador.,2026
5,Matemática,Geometría y medida,40,Analizar la variación del perímetro y usar fórmulas de perímetros.,2026
5,Matemática,Geometría y medida,41,"Medir áreas con m², dm² y cm² y calcular áreas de rectángulos, cuadrados y triángulos.",2026
5,Matemática,Geometría y medida,42,Calcular áreas de polígonos por descomposición y analizar relaciones entre perímetro y área.,2026
5,Matemática,Geometría y medida,43,Calcular áreas laterales y totales de prismas rectos y comparar volúmenes mediante distintas estrategias.,2026
6,Matemática,Números y operaciones,1,"Usar números naturales sin límite de cifras, en forma oral y escrita, para comparar cantidades.",2026
6,Matemática,Números y operaciones,2,"Reconocer regularidades, analizar el valor posicional y componer y descomponer números aditiva y multiplicativamente.",2026
6,Matemática,Números y operaciones,3,Comparar sistemas no posicionales con el sistema decimal y explicitar las reglas del sistema decimal.,2026
6,Matemática,Números y operaciones,4,Analizar con calculadora el valor de una cifra al operar con la unidad seguida de ceros.,2026
6,Matemática,Números y operaciones,5,"Resolver problemas de suma y resta con varios cálculos, datos y posiciones de la incógnita.",2026
6,Matemática,Números y operaciones,6,Resolver combinatoria de dos o tres colecciones y relacionar las estrategias con la multiplicación.,2026
6,Matemática,Números y operaciones,7,Resolver proporcionalidad directa con fracciones y decimales en ambas cantidades.,2026
6,Matemática,Números y operaciones,8,Identificar escala y porcentaje como constantes de proporcionalidad directa.,2026
6,Matemática,Números y operaciones,9,Resolver problemas sencillos de proporcionalidad inversa y comparar situaciones proporcionales y no proporcionales.,2026
6,Matemática,Números y operaciones,10,"Resolver división como iteración y analizar D = d × c + r, con r < d.",2026
6,Matemática,Números y operaciones,11,Construir relaciones de reversibilidad entre múltiplos y divisores.,2026
6,Matemática,Números y operaciones,12,"Usar criterios de divisibilidad por 2, 5 y 10.",2026
6,Matemática,Números y operaciones,13,"Usar propiedades de las operaciones, algoritmos, cálculo mental, aproximado y calculadora.",2026
6,Matemática,Números y operaciones,14,"Interpretar la fracción como cociente y como resultado de repartos, mediciones y particiones.",2026
6,Matemática,Números y operaciones,15,Reconocer y usar fracciones equivalentes y comparar fracciones entre sí y con el entero.,2026
6,Matemática,Números y operaciones,16,Encontrar fracciones entre otras dadas en la recta numérica.,2026
6,Matemática,Números y operaciones,17,Sumar y restar fracciones mediante cálculo mental y equivalencias.,2026
6,Matemática,Números y operaciones,18,Multiplicar fracciones en situaciones de proporcionalidad directa e inversa.,2026
6,Matemática,Números y operaciones,19,"Relacionar fracciones decimales, números decimales y el valor posicional.",2026
6,Matemática,Números y operaciones,20,Encontrar números decimales entre otros dados en la recta numérica.,2026
6,Matemática,Números y operaciones,21,"Reconocer equivalencias entre fracciones, decimales y porcentajes.",2026
6,Matemática,Números y operaciones,22,"Analizar descuentos, promociones y financiación mediante porcentajes.",2026
6,Matemática,Números y operaciones,23,Realizar cálculos mentales exactos y aproximados con decimales y usar calculadora para controlarlos.,2026
6,Matemática,Estadística y probabilidad,24,"Registrar y organizar información en tablas, pictogramas y gráficos de barras y elaborar informes.",2026
6,Matemática,Estadística y probabilidad,25,"Clasificar variables como cualitativas, cuantitativas discretas o continuas.",2026
6,Matemática,Estadística y probabilidad,26,"Interpretar información en tablas, gráficos de barras, pictogramas, histogramas y gráficos circulares.",2026
6,Matemática,Estadística y probabilidad,27,Identificar deformaciones producidas al manipular las unidades de los gráficos.,2026
6,Matemática,Estadística y probabilidad,28,Identificar la moda de un conjunto de datos e interpretarla en contexto.,2026
6,Matemática,Estadística y probabilidad,29,"Interpretar situaciones de azar, formular conjeturas y comprobar sucesos probables, imposibles y seguros.",2026
6,Matemática,Geometría y medida,30,Ubicar puntos en el plano mediante coordenadas cartesianas.,2026
6,Matemática,Geometría y medida,31,Leer mapas y planos y elaborar planos incorporando proporciones.,2026
6,Matemática,Geometría y medida,32,Construir la mediatriz de un segmento como lugar geométrico.,2026
6,Matemática,Geometría y medida,33,"Reconocer y construir figuras complejas con lados rectos, circunferencias, arcos y paralelismo o perpendicularidad.",2026
6,Matemática,Geometría y medida,34,"Construir triángulos analizando unicidad, condiciones de construcción y suma de ángulos interiores.",2026
6,Matemática,Geometría y medida,35,Construir alturas de triángulos y triángulos a partir de datos que incluyan la altura.,2026
6,Matemática,Geometría y medida,36,"Analizar y clasificar cuadriláteros por lados, ángulos, diagonales y paralelismo.",2026
6,Matemática,Geometría y medida,37,Reconocer alturas de paralelogramos y trapecios.,2026
6,Matemática,Geometría y medida,38,Construir cuadriláteros a partir de datos usando instrumentos o software.,2026
6,Matemática,Geometría y medida,39,Analizar representaciones planas de cuerpos desde diferentes perspectivas.,2026
6,Matemática,Geometría y medida,40,Producir conjeturas y argumentar propiedades de figuras y cuerpos.,2026
6,Matemática,Geometría y medida,41,"Medir y convertir longitudes, capacidades, pesos y tiempos con unidades del SIMELA.",2026
6,Matemática,Geometría y medida,42,Investigar el sistema sexagesimal para tiempo y amplitud de ángulos.,2026
6,Matemática,Geometría y medida,43,Analizar la relación entre circunferencia y diámetro y construir la fórmula de su longitud.,2026
6,Matemática,Geometría y medida,44,Calcular superficies con múltiplos y submúltiplos del m².,2026
6,Matemática,Geometría y medida,45,"Calcular áreas de paralelogramos, rombos, trapecios y romboides por descomposición.",2026
6,Matemática,Geometría y medida,46,Analizar la variación de perímetro y área.,2026
6,Matemática,Geometría y medida,47,Calcular áreas laterales y totales de prismas rectos y comparar volúmenes mediante distintas estrategias.,2026
7,Matemática,Números y operaciones,1,"Leer, escribir, comparar y encuadrar números naturales sin límite de cifras usando también la recta numérica.",2026
7,Matemática,Números y operaciones,2,Interpretar las reglas del sistema decimal y su relación con el SIMELA.,2026
7,Matemática,Números y operaciones,3,Componer y descomponer números polidígitos aditiva y multiplicativamente y mediante potencias de base 10.,2026
7,Matemática,Números y operaciones,4,Comparar las reglas del sistema sexagesimal con las del sistema decimal.,2026
7,Matemática,Números y operaciones,5,Profundizar los significados y propiedades de las cuatro operaciones con números naturales.,2026
7,Matemática,Números y operaciones,6,Combinar operaciones en problemas y analizar la jerarquía de las operaciones.,2026
7,Matemática,Números y operaciones,7,Elaborar estrategias de cálculo aproximado y usar calculadora para controlar estimaciones y cálculos complejos.,2026
7,Matemática,Números y operaciones,8,"Usar y argumentar propiedades conmutativas, asociativas y distributivas, reconociendo cuándo no son válidas.",2026
7,Matemática,Números y operaciones,9,Usar potencias cuadradas y cúbicas y raíces cuadradas y cúbicas exactas de números naturales.,2026
7,Matemática,Números y operaciones,10,"Profundizar la relación D = d × c + r, con r < d.",2026
7,Matemática,Números y operaciones,11,"Profundizar las relaciones entre múltiplos y divisores y usar criterios de divisibilidad por 3, 4, 6, 8 y 9.",2026
7,Matemática,Números y operaciones,12,Descomponer multiplicativamente números e identificar números primos y compuestos.,2026
7,Matemática,Números y operaciones,13,Interpretar la fracción como cociente y usar repertorios de fracciones equivalentes.,2026
7,Matemática,Números y operaciones,14,"Comparar números naturales, fracciones y decimales avanzando hacia las nociones de discretitud y densidad.",2026
7,Matemática,Números y operaciones,15,"Interpretar escala, porcentaje, factor de conversión y velocidad como constantes de proporcionalidad.",2026
7,Matemática,Números y operaciones,16,"Analizar descuentos, promociones, financiación e inversiones simples mediante porcentajes.",2026
7,Matemática,Números y operaciones,17,Multiplicar fracciones en situaciones de proporcionalidad directa e inversa y de cálculo de áreas.,2026
7,Matemática,Números y operaciones,18,Dividir fracciones cuando el divisor y el cociente son números naturales.,2026
7,Matemática,Números y operaciones,19,"Argumentar equivalencias entre representación decimal finita, fracción, porcentaje y punto de la recta numérica.",2026
7,Matemática,Números y operaciones,20,Realizar cálculos mentales exactos y aproximados con decimales y usar calculadora para controlar procedimientos.,2026
7,Matemática,Estadística y probabilidad,21,"Registrar y organizar información en tablas, pictogramas y gráficos de barras, puntos y circulares y elaborar informes.",2026
7,Matemática,Estadística y probabilidad,22,"Clasificar variables como cualitativas, cuantitativas, discretas o continuas y analizar cuáles son adecuadas para un estudio.",2026
7,Matemática,Estadística y probabilidad,23,"Interpretar información en tablas, gráficos de barras, pictogramas, histogramas y gráficos circulares.",2026
7,Matemática,Estadística y probabilidad,24,Identificar deformaciones en la información producidas al manipular las unidades de un gráfico.,2026
7,Matemática,Estadística y probabilidad,25,Calcular e interpretar la media aritmética y la moda en conjuntos de datos no agrupados.,2026
7,Matemática,Estadística y probabilidad,26,"Calcular la probabilidad clásica de sucesos sencillos e identificar sucesos seguros, probables e imposibles.",2026
7,Matemática,Geometría y medida,27,Ubicar puntos en el plano mediante coordenadas cartesianas.,2026
7,Matemática,Geometría y medida,28,"Leer mapas y planos y elaborar planos usando proporciones, códigos y referencias.",2026
7,Matemática,Geometría y medida,29,"Construir triángulos, cuadriláteros y figuras circulares analizando unicidad y posibilidad de construcción.",2026
7,Matemática,Geometría y medida,30,Explorar recubrimientos del plano con polígonos regulares.,2026
7,Matemática,Geometría y medida,31,Construir polígonos regulares y analizar sus propiedades.,2026
7,Matemática,Geometría y medida,32,Analizar regularidades en la suma de ángulos interiores de polígonos convexos.,2026
7,Matemática,Geometría y medida,33,Clasificar triángulos y cuadriláteros reconociendo relaciones de inclusión jerárquica.,2026
7,Matemática,Geometría y medida,34,Producir e interpretar mensajes precisos para reproducir figuras.,2026
7,Matemática,Geometría y medida,35,"Analizar desarrollos planos de prismas, pirámides, cilindros y conos.",2026
7,Matemática,Geometría y medida,36,Clasificar cuerpos reconociendo relaciones de inclusión y explorar la relación de Euler.,2026
7,Matemática,Geometría y medida,37,Producir conjeturas y validar propiedades de figuras y cuerpos mediante argumentos generales.,2026
7,Matemática,Geometría y medida,38,Comparar el SIMELA y el sistema sexagesimal y profundizar equivalencias entre unidades.,2026
7,Matemática,Geometría y medida,39,Relacionar unidades de capacidad y volumen.,2026
7,Matemática,Geometría y medida,40,"Calcular áreas de círculos, paralelogramos, rombos, trapecios, romboides y polígonos regulares.",2026
7,Matemática,Geometría y medida,41,"Calcular áreas laterales y totales de prismas, pirámides y cilindros rectos.",2026
7,Matemática,Geometría y medida,42,"Usar unidades cúbicas, medir y comparar volúmenes y calcular el volumen de prismas rectos rectangulares.",2026
7,Matemática,Geometría y medida,43,Analizar la variación del área total de prismas cuando el volumen permanece constante.,2026
7,Matemática,Iniciación al álgebra y funciones,44,"Analizar relaciones entre dos variables en registros coloquial, tabular y gráfico y convertir entre representaciones.",2026
7,Matemática,Iniciación al álgebra y funciones,45,"Reconocer situaciones de proporcionalidad directa, inversa y no proporcional y validar conjeturas sobre ellas.",2026
7,Matemática,Iniciación al álgebra y funciones,46,Formular y validar conjeturas de relaciones numéricas transformando cálculos mediante propiedades.,2026
7,Matemática,Iniciación al álgebra y funciones,47,Formular y validar conjeturas sobre múltiplos y divisores mediante expresiones simbólicas.,2026
7,Matemática,Iniciación al álgebra y funciones,48,Formular y validar conjeturas sobre la variación de perímetros y áreas según cambian las dimensiones.,2026
7,Matemática,Iniciación al álgebra y funciones,49,Explorar regularidades y producir fórmulas vinculadas con problemas de conteo.,2026
1,"Saberes, Vidas y Mundos","Ciudadanía, Derechos Humanos y Participación",1,Reconocimiento de los derechos de niñas y niños en distintos ámbitos de la vida cotidiana.,2026
1,"Saberes, Vidas y Mundos","Ciudadanía, Derechos Humanos y Participación",2,Exploración de normas de convivencia en el contexto escolar y social y su sentido para la vida en una sociedad democrática.,2026
1,"Saberes, Vidas y Mundos","Ciudadanía, Derechos Humanos y Participación",3,"Valoración del diálogo, la escucha y la palabra como herramientas para la resolución de conflictos.",2026
1,"Saberes, Vidas y Mundos","Ciudadanía, Derechos Humanos y Participación",4,Identificación de situaciones de vulneración de derechos y de herramientas institucionales para su resolución.,2026
1,"Saberes, Vidas y Mundos","Ciudadanía, Derechos Humanos y Participación",5,Diversidad de configuraciones familiares y de vínculos afectivos en distintos contextos sociales y la importancia del respeto por estas diferencias.,2026
1,"Saberes, Vidas y Mundos","Ciudadanía, Derechos Humanos y Participación",6,"Reconocimiento y comprensión de símbolos y prácticas que representan identidades grupales, locales, regionales y nacionales.",2026
1,"Saberes, Vidas y Mundos","Ciudadanía, Derechos Humanos y Participación",7,"Exploración de formas de organización social y comunitaria: cooperadoras, vecinales, clubes y cooperativas, entre otras.",2026
1,"Saberes, Vidas y Mundos","Ciudadanía, Derechos Humanos y Participación",8,"Aproximación reflexiva al sentido de valores como igualdad, solidaridad y diversidad en situaciones concretas.",2026
1,"Saberes, Vidas y Mundos","Ciudadanía, Derechos Humanos y Participación",9,"Aproximación al espacio público local, al cuidado de sí y de otras personas y a las normas y señales para la circulación segura.",2026
1,"Saberes, Vidas y Mundos","Ciudadanía, Derechos Humanos y Participación",10,Escucha y participación activa de niñas y niños en proyectos escolares colectivos y solidarios como ejercicio de ciudadanía democrática.,2026
1,"Saberes, Vidas y Mundos",Educación Intercultural,11,"Reconocimiento de la diversidad cultural en el aula, la escuela y el entorno cercano.",2026
1,"Saberes, Vidas y Mundos",Educación Intercultural,12,"Exploración de tradiciones, costumbres, lenguas y formas de vida en el entorno próximo.",2026
1,"Saberes, Vidas y Mundos",Educación Intercultural,13,"Participación en propuestas que recuperen diferentes formas de vida, creencias y costumbres en diversos contextos.",2026
1,"Saberes, Vidas y Mundos",Educación Intercultural,14,"Desarrollo de actitudes de respeto, interés y reconocimiento hacia otras culturas.",2026
1,"Saberes, Vidas y Mundos",Educación Intercultural,15,Conocimiento de celebraciones y formas de organización familiar en distintas culturas.,2026
1,"Saberes, Vidas y Mundos",Educación Intercultural,16,"Exploración de relatos orales, canciones, juegos y comidas de diversas procedencias.",2026
1,"Saberes, Vidas y Mundos",Educación Intercultural,17,Valoración del aporte de las comunidades migrantes y originarias a la vida local.,2026
1,"Saberes, Vidas y Mundos",Educación Intercultural,18,Reconocimiento de la presencia de pueblos originarios en el actual territorio provincial.,2026
1,"Saberes, Vidas y Mundos",Educación Intercultural,19,"Identificación de estereotipos y prejuicios presentes en relatos, juegos o expresiones cotidianas.",2026
1,"Saberes, Vidas y Mundos",Educación Intercultural,20,Exploración de diferentes modos de nombrar el mundo y de contar historias.,2026
1,"Saberes, Vidas y Mundos",Educación Sexual Integral,21,Reconocimiento del propio cuerpo y construcción progresiva de autonomía.,2026
1,"Saberes, Vidas y Mundos",Educación Sexual Integral,22,Reconocimiento de la diversidad e identificación de prejuicios y actitudes discriminatorias hacia personas y grupos.,2026
1,"Saberes, Vidas y Mundos",Educación Sexual Integral,23,Reconocimiento y respeto de los sentimientos y emociones en los vínculos.,2026
1,"Saberes, Vidas y Mundos",Educación Sexual Integral,24,Respeto por la intimidad personal y de otras personas en los vínculos escolares.,2026
1,"Saberes, Vidas y Mundos",Educación Sexual Integral,25,Identificación y valoración de distintas configuraciones familiares.,2026
1,"Saberes, Vidas y Mundos",Educación Sexual Integral,26,Aproximación a la noción de diversidad corporal y afectiva.,2026
1,"Saberes, Vidas y Mundos",Educación Sexual Integral,27,Participación en actividades que promuevan la igualdad de oportunidades y trato a niñas y niños. Jornada Educar en Igualdad (Ley 27.234).,2026
1,"Saberes, Vidas y Mundos",Educación Sexual Integral,28,Identificación de mandatos socioculturales sobre la masculinidad y la feminidad.,2026
1,"Saberes, Vidas y Mundos",Educación Sexual Integral,29,"Reconocimiento de estereotipos de género en juegos, tareas, artes, literatura, deportes y vida familiar y escolar.",2026
1,"Saberes, Vidas y Mundos",Educación Sexual Integral,30,"Identificación de situaciones de vulneración de derechos y herramientas para abordarlas: abusos, maltrato y discriminación.",2026
1,"Saberes, Vidas y Mundos",Educación Ambiental Integral,31,Reconocimiento del ambiente como un sistema que incluye componentes naturales y sociales.,2026
1,"Saberes, Vidas y Mundos",Educación Ambiental Integral,32,Reconocimiento y valoración de la biodiversidad del entorno cercano y su importancia para el bienestar humano.,2026
1,"Saberes, Vidas y Mundos",Educación Ambiental Integral,33,Identificación de prácticas cotidianas de cuidado del ambiente y de conflictos relacionados con la naturaleza.,2026
1,"Saberes, Vidas y Mundos",Educación Ambiental Integral,34,Reflexión sobre hábitos de consumo responsable orientados a la reducción de residuos.,2026
1,"Saberes, Vidas y Mundos",Educación Ambiental Integral,35,"Prácticas colectivas simples para cuidar el ambiente en la escuela, la familia y el entorno próximo.",2026
1,"Saberes, Vidas y Mundos",Educación Ambiental Integral,36,Conocimiento de experiencias comunitarias donde el trabajo colaborativo permite decidir para proteger el ambiente.,2026
1,"Saberes, Vidas y Mundos",Educación Ambiental Integral,37,"Valoración de bienes comunes fundamentales para un ambiente sano: agua, aire, suelo, biodiversidad, clima y paisajes.",2026
1,"Saberes, Vidas y Mundos",Educación Ambiental Integral,38,Observación y registro de transformaciones del paisaje originadas por fenómenos naturales o actividades humanas.,2026
1,"Saberes, Vidas y Mundos",Educación Ambiental Integral,39,"Reflexión sobre la relación entre hábitos de consumo, salud personal y cuidado del ambiente.",2026
1,"Saberes, Vidas y Mundos",Educación Ambiental Integral,40,Reconocimiento del derecho a vivir en un ambiente sano y su relación con prácticas escolares y familiares.,2026
1,"Saberes, Vidas y Mundos",Educación y Cultura Digital,41,Exploración inicial de dispositivos digitales de uso cotidiano y escolar.,2026
1,"Saberes, Vidas y Mundos",Educación y Cultura Digital,42,Promoción del respeto en los diferentes entornos digitales.,2026
1,"Saberes, Vidas y Mundos",Educación y Cultura Digital,43,Identificación de normas de cuidado y seguridad en el uso de tecnologías digitales.,2026
1,"Saberes, Vidas y Mundos",Educación y Cultura Digital,44,Distinción entre información pública y privada en los entornos digitales.,2026
1,"Saberes, Vidas y Mundos",Educación y Cultura Digital,45,Reconocimiento de funciones básicas de plataformas y entornos digitales escolares.,2026
1,"Saberes, Vidas y Mundos",Educación y Cultura Digital,46,Producción de contenidos digitales adecuados a la edad y significativos en el entorno escolar.,2026
1,"Saberes, Vidas y Mundos",Educación y Cultura Digital,47,Búsqueda y selección guiada de información confiable en entornos digitales.,2026
1,"Saberes, Vidas y Mundos",Educación y Cultura Digital,48,Participación en actividades colaborativas guiadas mediante tecnologías digitales.,2026
1,"Saberes, Vidas y Mundos",Educación y Cultura Digital,49,"Exploración de contenidos, tiempos, propósitos y modos de uso de los entornos digitales.",2026
1,"Saberes, Vidas y Mundos",Educación y Cultura Digital,50,Reconocimiento de derechos y responsabilidades como ciudadana y ciudadano digital.,2026
2,"Saberes, Vidas y Mundos","Ciudadanía, Derechos Humanos y Participación",1,Reconocimiento de los derechos de niñas y niños en distintos ámbitos de la vida cotidiana.,2026
2,"Saberes, Vidas y Mundos","Ciudadanía, Derechos Humanos y Participación",2,Exploración de normas de convivencia en el contexto escolar y social y su sentido para la vida en una sociedad democrática.,2026
2,"Saberes, Vidas y Mundos","Ciudadanía, Derechos Humanos y Participación",3,"Valoración del diálogo, la escucha y la palabra como herramientas para la resolución de conflictos.",2026
2,"Saberes, Vidas y Mundos","Ciudadanía, Derechos Humanos y Participación",4,Identificación de situaciones de vulneración de derechos y de herramientas institucionales para su resolución.,2026
2,"Saberes, Vidas y Mundos","Ciudadanía, Derechos Humanos y Participación",5,Diversidad de configuraciones familiares y de vínculos afectivos en distintos contextos sociales y la importancia del respeto por estas diferencias.,2026
2,"Saberes, Vidas y Mundos","Ciudadanía, Derechos Humanos y Participación",6,"Reconocimiento y comprensión de símbolos y prácticas que representan identidades grupales, locales, regionales y nacionales.",2026
2,"Saberes, Vidas y Mundos","Ciudadanía, Derechos Humanos y Participación",7,"Exploración de formas de organización social y comunitaria: cooperadoras, vecinales, clubes y cooperativas, entre otras.",2026
2,"Saberes, Vidas y Mundos","Ciudadanía, Derechos Humanos y Participación",8,"Aproximación reflexiva al sentido de valores como igualdad, solidaridad y diversidad en situaciones concretas.",2026
2,"Saberes, Vidas y Mundos","Ciudadanía, Derechos Humanos y Participación",9,"Aproximación al espacio público local, al cuidado de sí y de otras personas y a las normas y señales para la circulación segura.",2026
2,"Saberes, Vidas y Mundos","Ciudadanía, Derechos Humanos y Participación",10,Escucha y participación activa de niñas y niños en proyectos escolares colectivos y solidarios como ejercicio de ciudadanía democrática.,2026
2,"Saberes, Vidas y Mundos",Educación Intercultural,11,"Reconocimiento de la diversidad cultural en el aula, la escuela y el entorno cercano.",2026
2,"Saberes, Vidas y Mundos",Educación Intercultural,12,"Exploración de tradiciones, costumbres, lenguas y formas de vida en el entorno próximo.",2026
2,"Saberes, Vidas y Mundos",Educación Intercultural,13,"Participación en propuestas que recuperen diferentes formas de vida, creencias y costumbres en diversos contextos.",2026
2,"Saberes, Vidas y Mundos",Educación Intercultural,14,"Desarrollo de actitudes de respeto, interés y reconocimiento hacia otras culturas.",2026
2,"Saberes, Vidas y Mundos",Educación Intercultural,15,Conocimiento de celebraciones y formas de organización familiar en distintas culturas.,2026
2,"Saberes, Vidas y Mundos",Educación Intercultural,16,"Exploración de relatos orales, canciones, juegos y comidas de diversas procedencias.",2026
2,"Saberes, Vidas y Mundos",Educación Intercultural,17,Valoración del aporte de las comunidades migrantes y originarias a la vida local.,2026
2,"Saberes, Vidas y Mundos",Educación Intercultural,18,Reconocimiento de la presencia de pueblos originarios en el actual territorio provincial.,2026
2,"Saberes, Vidas y Mundos",Educación Intercultural,19,"Identificación de estereotipos y prejuicios presentes en relatos, juegos o expresiones cotidianas.",2026
2,"Saberes, Vidas y Mundos",Educación Intercultural,20,Exploración de diferentes modos de nombrar el mundo y de contar historias.,2026
2,"Saberes, Vidas y Mundos",Educación Sexual Integral,21,Reconocimiento del propio cuerpo y construcción progresiva de autonomía.,2026
2,"Saberes, Vidas y Mundos",Educación Sexual Integral,22,Reconocimiento de la diversidad e identificación de prejuicios y actitudes discriminatorias hacia personas y grupos.,2026
2,"Saberes, Vidas y Mundos",Educación Sexual Integral,23,Reconocimiento y respeto de los sentimientos y emociones en los vínculos.,2026
2,"Saberes, Vidas y Mundos",Educación Sexual Integral,24,Respeto por la intimidad personal y de otras personas en los vínculos escolares.,2026
2,"Saberes, Vidas y Mundos",Educación Sexual Integral,25,Identificación y valoración de distintas configuraciones familiares.,2026
2,"Saberes, Vidas y Mundos",Educación Sexual Integral,26,Aproximación a la noción de diversidad corporal y afectiva.,2026
2,"Saberes, Vidas y Mundos",Educación Sexual Integral,27,Participación en actividades que promuevan la igualdad de oportunidades y trato a niñas y niños. Jornada Educar en Igualdad (Ley 27.234).,2026
2,"Saberes, Vidas y Mundos",Educación Sexual Integral,28,Identificación de mandatos socioculturales sobre la masculinidad y la feminidad.,2026
2,"Saberes, Vidas y Mundos",Educación Sexual Integral,29,"Reconocimiento de estereotipos de género en juegos, tareas, artes, literatura, deportes y vida familiar y escolar.",2026
2,"Saberes, Vidas y Mundos",Educación Sexual Integral,30,"Identificación de situaciones de vulneración de derechos y herramientas para abordarlas: abusos, maltrato y discriminación.",2026
2,"Saberes, Vidas y Mundos",Educación Ambiental Integral,31,Reconocimiento del ambiente como un sistema que incluye componentes naturales y sociales.,2026
2,"Saberes, Vidas y Mundos",Educación Ambiental Integral,32,Reconocimiento y valoración de la biodiversidad del entorno cercano y su importancia para el bienestar humano.,2026
2,"Saberes, Vidas y Mundos",Educación Ambiental Integral,33,Identificación de prácticas cotidianas de cuidado del ambiente y de conflictos relacionados con la naturaleza.,2026
2,"Saberes, Vidas y Mundos",Educación Ambiental Integral,34,Reflexión sobre hábitos de consumo responsable orientados a la reducción de residuos.,2026
2,"Saberes, Vidas y Mundos",Educación Ambiental Integral,35,"Prácticas colectivas simples para cuidar el ambiente en la escuela, la familia y el entorno próximo.",2026
2,"Saberes, Vidas y Mundos",Educación Ambiental Integral,36,Conocimiento de experiencias comunitarias donde el trabajo colaborativo permite decidir para proteger el ambiente.,2026
2,"Saberes, Vidas y Mundos",Educación Ambiental Integral,37,"Valoración de bienes comunes fundamentales para un ambiente sano: agua, aire, suelo, biodiversidad, clima y paisajes.",2026
2,"Saberes, Vidas y Mundos",Educación Ambiental Integral,38,Observación y registro de transformaciones del paisaje originadas por fenómenos naturales o actividades humanas.,2026
2,"Saberes, Vidas y Mundos",Educación Ambiental Integral,39,"Reflexión sobre la relación entre hábitos de consumo, salud personal y cuidado del ambiente.",2026
2,"Saberes, Vidas y Mundos",Educación Ambiental Integral,40,Reconocimiento del derecho a vivir en un ambiente sano y su relación con prácticas escolares y familiares.,2026
2,"Saberes, Vidas y Mundos",Educación y Cultura Digital,41,Exploración inicial de dispositivos digitales de uso cotidiano y escolar.,2026
2,"Saberes, Vidas y Mundos",Educación y Cultura Digital,42,Promoción del respeto en los diferentes entornos digitales.,2026
2,"Saberes, Vidas y Mundos",Educación y Cultura Digital,43,Identificación de normas de cuidado y seguridad en el uso de tecnologías digitales.,2026
2,"Saberes, Vidas y Mundos",Educación y Cultura Digital,44,Distinción entre información pública y privada en los entornos digitales.,2026
2,"Saberes, Vidas y Mundos",Educación y Cultura Digital,45,Reconocimiento de funciones básicas de plataformas y entornos digitales escolares.,2026
2,"Saberes, Vidas y Mundos",Educación y Cultura Digital,46,Producción de contenidos digitales adecuados a la edad y significativos en el entorno escolar.,2026
2,"Saberes, Vidas y Mundos",Educación y Cultura Digital,47,Búsqueda y selección guiada de información confiable en entornos digitales.,2026
2,"Saberes, Vidas y Mundos",Educación y Cultura Digital,48,Participación en actividades colaborativas guiadas mediante tecnologías digitales.,2026
2,"Saberes, Vidas y Mundos",Educación y Cultura Digital,49,"Exploración de contenidos, tiempos, propósitos y modos de uso de los entornos digitales.",2026
2,"Saberes, Vidas y Mundos",Educación y Cultura Digital,50,Reconocimiento de derechos y responsabilidades como ciudadana y ciudadano digital.,2026
3,"Saberes, Vidas y Mundos","Ciudadanía, Derechos Humanos y Participación",1,Reconocimiento de los derechos de niñas y niños en distintos ámbitos de la vida cotidiana.,2026
3,"Saberes, Vidas y Mundos","Ciudadanía, Derechos Humanos y Participación",2,Exploración de normas de convivencia en el contexto escolar y social y su sentido para la vida en una sociedad democrática.,2026
3,"Saberes, Vidas y Mundos","Ciudadanía, Derechos Humanos y Participación",3,"Valoración del diálogo, la escucha y la palabra como herramientas para la resolución de conflictos.",2026
3,"Saberes, Vidas y Mundos","Ciudadanía, Derechos Humanos y Participación",4,Identificación de situaciones de vulneración de derechos y de herramientas institucionales para su resolución.,2026
3,"Saberes, Vidas y Mundos","Ciudadanía, Derechos Humanos y Participación",5,Diversidad de configuraciones familiares y de vínculos afectivos en distintos contextos sociales y la importancia del respeto por estas diferencias.,2026
3,"Saberes, Vidas y Mundos","Ciudadanía, Derechos Humanos y Participación",6,"Reconocimiento y comprensión de símbolos y prácticas que representan identidades grupales, locales, regionales y nacionales.",2026
3,"Saberes, Vidas y Mundos","Ciudadanía, Derechos Humanos y Participación",7,"Exploración de formas de organización social y comunitaria: cooperadoras, vecinales, clubes y cooperativas, entre otras.",2026
3,"Saberes, Vidas y Mundos","Ciudadanía, Derechos Humanos y Participación",8,"Aproximación reflexiva al sentido de valores como igualdad, solidaridad y diversidad en situaciones concretas.",2026
3,"Saberes, Vidas y Mundos","Ciudadanía, Derechos Humanos y Participación",9,"Aproximación al espacio público local, al cuidado de sí y de otras personas y a las normas y señales para la circulación segura.",2026
3,"Saberes, Vidas y Mundos","Ciudadanía, Derechos Humanos y Participación",10,Escucha y participación activa de niñas y niños en proyectos escolares colectivos y solidarios como ejercicio de ciudadanía democrática.,2026
3,"Saberes, Vidas y Mundos",Educación Intercultural,11,"Reconocimiento de la diversidad cultural en el aula, la escuela y el entorno cercano.",2026
3,"Saberes, Vidas y Mundos",Educación Intercultural,12,"Exploración de tradiciones, costumbres, lenguas y formas de vida en el entorno próximo.",2026
3,"Saberes, Vidas y Mundos",Educación Intercultural,13,"Participación en propuestas que recuperen diferentes formas de vida, creencias y costumbres en diversos contextos.",2026
3,"Saberes, Vidas y Mundos",Educación Intercultural,14,"Desarrollo de actitudes de respeto, interés y reconocimiento hacia otras culturas.",2026
3,"Saberes, Vidas y Mundos",Educación Intercultural,15,Conocimiento de celebraciones y formas de organización familiar en distintas culturas.,2026
3,"Saberes, Vidas y Mundos",Educación Intercultural,16,"Exploración de relatos orales, canciones, juegos y comidas de diversas procedencias.",2026
3,"Saberes, Vidas y Mundos",Educación Intercultural,17,Valoración del aporte de las comunidades migrantes y originarias a la vida local.,2026
3,"Saberes, Vidas y Mundos",Educación Intercultural,18,Reconocimiento de la presencia de pueblos originarios en el actual territorio provincial.,2026
3,"Saberes, Vidas y Mundos",Educación Intercultural,19,"Identificación de estereotipos y prejuicios presentes en relatos, juegos o expresiones cotidianas.",2026
3,"Saberes, Vidas y Mundos",Educación Intercultural,20,Exploración de diferentes modos de nombrar el mundo y de contar historias.,2026
3,"Saberes, Vidas y Mundos",Educación Sexual Integral,21,Reconocimiento del propio cuerpo y construcción progresiva de autonomía.,2026
3,"Saberes, Vidas y Mundos",Educación Sexual Integral,22,Reconocimiento de la diversidad e identificación de prejuicios y actitudes discriminatorias hacia personas y grupos.,2026
3,"Saberes, Vidas y Mundos",Educación Sexual Integral,23,Reconocimiento y respeto de los sentimientos y emociones en los vínculos.,2026
3,"Saberes, Vidas y Mundos",Educación Sexual Integral,24,Respeto por la intimidad personal y de otras personas en los vínculos escolares.,2026
3,"Saberes, Vidas y Mundos",Educación Sexual Integral,25,Identificación y valoración de distintas configuraciones familiares.,2026
3,"Saberes, Vidas y Mundos",Educación Sexual Integral,26,Aproximación a la noción de diversidad corporal y afectiva.,2026
3,"Saberes, Vidas y Mundos",Educación Sexual Integral,27,Participación en actividades que promuevan la igualdad de oportunidades y trato a niñas y niños. Jornada Educar en Igualdad (Ley 27.234).,2026
3,"Saberes, Vidas y Mundos",Educación Sexual Integral,28,Identificación de mandatos socioculturales sobre la masculinidad y la feminidad.,2026
3,"Saberes, Vidas y Mundos",Educación Sexual Integral,29,"Reconocimiento de estereotipos de género en juegos, tareas, artes, literatura, deportes y vida familiar y escolar.",2026
3,"Saberes, Vidas y Mundos",Educación Sexual Integral,30,"Identificación de situaciones de vulneración de derechos y herramientas para abordarlas: abusos, maltrato y discriminación.",2026
3,"Saberes, Vidas y Mundos",Educación Ambiental Integral,31,Reconocimiento del ambiente como un sistema que incluye componentes naturales y sociales.,2026
3,"Saberes, Vidas y Mundos",Educación Ambiental Integral,32,Reconocimiento y valoración de la biodiversidad del entorno cercano y su importancia para el bienestar humano.,2026
3,"Saberes, Vidas y Mundos",Educación Ambiental Integral,33,Identificación de prácticas cotidianas de cuidado del ambiente y de conflictos relacionados con la naturaleza.,2026
3,"Saberes, Vidas y Mundos",Educación Ambiental Integral,34,Reflexión sobre hábitos de consumo responsable orientados a la reducción de residuos.,2026
3,"Saberes, Vidas y Mundos",Educación Ambiental Integral,35,"Prácticas colectivas simples para cuidar el ambiente en la escuela, la familia y el entorno próximo.",2026
3,"Saberes, Vidas y Mundos",Educación Ambiental Integral,36,Conocimiento de experiencias comunitarias donde el trabajo colaborativo permite decidir para proteger el ambiente.,2026
3,"Saberes, Vidas y Mundos",Educación Ambiental Integral,37,"Valoración de bienes comunes fundamentales para un ambiente sano: agua, aire, suelo, biodiversidad, clima y paisajes.",2026
3,"Saberes, Vidas y Mundos",Educación Ambiental Integral,38,Observación y registro de transformaciones del paisaje originadas por fenómenos naturales o actividades humanas.,2026
3,"Saberes, Vidas y Mundos",Educación Ambiental Integral,39,"Reflexión sobre la relación entre hábitos de consumo, salud personal y cuidado del ambiente.",2026
3,"Saberes, Vidas y Mundos",Educación Ambiental Integral,40,Reconocimiento del derecho a vivir en un ambiente sano y su relación con prácticas escolares y familiares.,2026
3,"Saberes, Vidas y Mundos",Educación y Cultura Digital,41,Exploración inicial de dispositivos digitales de uso cotidiano y escolar.,2026
3,"Saberes, Vidas y Mundos",Educación y Cultura Digital,42,Promoción del respeto en los diferentes entornos digitales.,2026
3,"Saberes, Vidas y Mundos",Educación y Cultura Digital,43,Identificación de normas de cuidado y seguridad en el uso de tecnologías digitales.,2026
3,"Saberes, Vidas y Mundos",Educación y Cultura Digital,44,Distinción entre información pública y privada en los entornos digitales.,2026
3,"Saberes, Vidas y Mundos",Educación y Cultura Digital,45,Reconocimiento de funciones básicas de plataformas y entornos digitales escolares.,2026
3,"Saberes, Vidas y Mundos",Educación y Cultura Digital,46,Producción de contenidos digitales adecuados a la edad y significativos en el entorno escolar.,2026
3,"Saberes, Vidas y Mundos",Educación y Cultura Digital,47,Búsqueda y selección guiada de información confiable en entornos digitales.,2026
3,"Saberes, Vidas y Mundos",Educación y Cultura Digital,48,Participación en actividades colaborativas guiadas mediante tecnologías digitales.,2026
3,"Saberes, Vidas y Mundos",Educación y Cultura Digital,49,"Exploración de contenidos, tiempos, propósitos y modos de uso de los entornos digitales.",2026
3,"Saberes, Vidas y Mundos",Educación y Cultura Digital,50,Reconocimiento de derechos y responsabilidades como ciudadana y ciudadano digital.,2026
4,"Saberes, Vidas y Mundos","Ciudadanía, Derechos Humanos y Participación",1,Convivencia escolar y social: resolución de conflictos a través del diálogo y la argumentación.,2026
4,"Saberes, Vidas y Mundos","Ciudadanía, Derechos Humanos y Participación",2,"Reconocimiento, respeto y valoración de la diversidad de identidades personales y proyectos de vida individuales y colectivos.",2026
4,"Saberes, Vidas y Mundos","Ciudadanía, Derechos Humanos y Participación",3,Convención sobre los Derechos del Niño y Convención sobre los Derechos de las Personas con Discapacidad: principios y aplicación cotidiana.,2026
4,"Saberes, Vidas y Mundos","Ciudadanía, Derechos Humanos y Participación",4,Reconocimiento de derechos y garantías de la Constitución Nacional desde la práctica cotidiana y la importancia de su respeto.,2026
4,"Saberes, Vidas y Mundos","Ciudadanía, Derechos Humanos y Participación",5,"Sistema democrático: participación, elecciones, libertad de expresión y derecho al reclamo.",2026
4,"Saberes, Vidas y Mundos","Ciudadanía, Derechos Humanos y Participación",6,Normas de convivencia: construcción colectiva y sentido para la vida comunitaria. Seguridad vial.,2026
4,"Saberes, Vidas y Mundos","Ciudadanía, Derechos Humanos y Participación",7,Reconocimiento de situaciones de vulneración de derechos y herramientas institucionales para su resolución.,2026
4,"Saberes, Vidas y Mundos","Ciudadanía, Derechos Humanos y Participación",8,Rol del Estado en la garantía de derechos: instituciones y mecanismos de protección.,2026
4,"Saberes, Vidas y Mundos","Ciudadanía, Derechos Humanos y Participación",9,Historia reciente y luchas sociales en la construcción de la ciudadanía.,2026
4,"Saberes, Vidas y Mundos","Ciudadanía, Derechos Humanos y Participación",10,Proyectos cooperativos y solidarios como formas de participación activa en la comunidad: cooperativas y mutuales escolares.,2026
4,"Saberes, Vidas y Mundos",Educación Intercultural,11,Reconocimiento de la diversidad cultural presente en la escuela y la comunidad.,2026
4,"Saberes, Vidas y Mundos",Educación Intercultural,12,Exploración de formas de organización familiar y comunitaria en distintas culturas y momentos históricos.,2026
4,"Saberes, Vidas y Mundos",Educación Intercultural,13,"Prácticas culturales en la alimentación, el juego, el cuidado y las celebraciones.",2026
4,"Saberes, Vidas y Mundos",Educación Intercultural,14,Saberes y lenguas de los pueblos originarios presentes en el territorio provincial.,2026
4,"Saberes, Vidas y Mundos",Educación Intercultural,15,Valoración del aporte de las comunidades migrantes a la vida social y cultural local.,2026
4,"Saberes, Vidas y Mundos",Educación Intercultural,16,"Narrativas, relatos y tradiciones orales como formas de transmisión cultural.",2026
4,"Saberes, Vidas y Mundos",Educación Intercultural,17,Reconocimiento de estereotipos culturales y promoción del respeto intercultural.,2026
4,"Saberes, Vidas y Mundos",Educación Intercultural,18,Conocimiento de expresiones artísticas vinculadas con diferentes cosmovisiones.,2026
4,"Saberes, Vidas y Mundos",Educación Intercultural,19,Diversidad de religiones y creencias: respeto por las distintas formas de espiritualidad.,2026
4,"Saberes, Vidas y Mundos",Educación Intercultural,20,Participación en proyectos que recuperen saberes comunitarios y promuevan el diálogo intercultural.,2026
4,"Saberes, Vidas y Mundos",Educación Sexual Integral,21,"Valoración de la afectividad en los vínculos, la verbalización de sentimientos y el diálogo en paridad.",2026
4,"Saberes, Vidas y Mundos",Educación Sexual Integral,22,Reconocimiento de la diversidad e identificación de prejuicios y sentimientos discriminatorios o desvalorizantes.,2026
4,"Saberes, Vidas y Mundos",Educación Sexual Integral,23,"Diálogo y reflexión sobre situaciones cotidianas de maltrato, abuso, violencia, discriminación y acoso entre pares.",2026
4,"Saberes, Vidas y Mundos",Educación Sexual Integral,24,"Equidad de género: distribución de tareas, roles, trato y oportunidades.",2026
4,"Saberes, Vidas y Mundos",Educación Sexual Integral,25,Identificación de estereotipos de género en la vida cotidiana y reflexión sobre sus efectos.,2026
4,"Saberes, Vidas y Mundos",Educación Sexual Integral,26,Diversidad familiar y vínculos afectivos: reconocimiento y respeto por las diferencias.,2026
4,"Saberes, Vidas y Mundos",Educación Sexual Integral,27,Derecho a la intimidad propia y ajena y herramientas de autoprotección ante interacciones que molestan o dañan. Acoso entre pares.,2026
4,"Saberes, Vidas y Mundos",Educación Sexual Integral,28,Derecho a recibir información clara y confiable sobre el cuidado del cuerpo.,2026
4,"Saberes, Vidas y Mundos",Educación Sexual Integral,29,"Cambios corporales, emocionales y sentimientos en la preadolescencia; mandatos sobre masculinidad y feminidad.",2026
4,"Saberes, Vidas y Mundos",Educación Sexual Integral,30,Identificación de indicadores de violencia de género y herramientas para solicitar asesoramiento y protección. Ley 27.234.,2026
4,"Saberes, Vidas y Mundos",Educación Ambiental Integral,31,Relaciones entre naturaleza y sociedad: desafíos de la convivencia ambiental.,2026
4,"Saberes, Vidas y Mundos",Educación Ambiental Integral,32,"Diversidad de bienes comunes naturales, culturales y sociales como patrimonio colectivo: cuidado, acceso equitativo y uso responsable.",2026
4,"Saberes, Vidas y Mundos",Educación Ambiental Integral,33,"Derecho de la niñez a crecer, aprender y desarrollarse plenamente en un ambiente sano: desafíos actuales.",2026
4,"Saberes, Vidas y Mundos",Educación Ambiental Integral,34,Acciones comunitarias que promueven el Compromiso Ambiental Intergeneracional. Art. 41 de la Constitución Nacional y Ley 27.621.,2026
4,"Saberes, Vidas y Mundos",Educación Ambiental Integral,35,Biodiversidad local y regional: protección de especies autóctonas y reconocimiento de especies exóticas.,2026
4,"Saberes, Vidas y Mundos",Educación Ambiental Integral,36,"Acciones comunitarias para cuidar el ambiente: huertas, producciones agroecológicas, campañas y jornadas de limpieza.",2026
4,"Saberes, Vidas y Mundos",Educación Ambiental Integral,37,"Prácticas para un futuro sostenible: reducción, reciclaje y reutilización de materiales de la vida cotidiana.",2026
4,"Saberes, Vidas y Mundos",Educación Ambiental Integral,38,"Educación alimentaria y nutricional: alimentación saludable, segura y sostenible.",2026
4,"Saberes, Vidas y Mundos",Educación Ambiental Integral,39,Reflexión sobre los hábitos de consumo y su impacto en el ambiente.,2026
4,"Saberes, Vidas y Mundos",Educación Ambiental Integral,40,Participación en proyectos escolares y comunitarios vinculados con el derecho a un ambiente sano.,2026
4,"Saberes, Vidas y Mundos",Educación y Cultura Digital,41,Ciudadanía digital democrática: respeto a la diversidad y prevención de violencia y discriminación.,2026
4,"Saberes, Vidas y Mundos",Educación y Cultura Digital,42,Reconocimiento de derechos y responsabilidades en la ciudadanía digital.,2026
4,"Saberes, Vidas y Mundos",Educación y Cultura Digital,43,Privacidad e intimidad en línea: distinción entre información pública y privada.,2026
4,"Saberes, Vidas y Mundos",Educación y Cultura Digital,44,Criterios para buscar y seleccionar información confiable en internet.,2026
4,"Saberes, Vidas y Mundos",Educación y Cultura Digital,45,"Inteligencia artificial en la vida cotidiana: usos, beneficios, limitaciones, posibles sesgos y riesgos.",2026
4,"Saberes, Vidas y Mundos",Educación y Cultura Digital,46,"Creación de contenidos digitales con fines educativos, expresivos y creativos.",2026
4,"Saberes, Vidas y Mundos",Educación y Cultura Digital,47,"Identificación de vulneraciones de derechos en línea: ciberacoso, grooming y delitos informáticos.",2026
4,"Saberes, Vidas y Mundos",Educación y Cultura Digital,48,"Acceso, uso y producción de contenidos en entornos digitales escolares.",2026
4,"Saberes, Vidas y Mundos",Educación y Cultura Digital,49,Alfabetización mediática: análisis crítico y reflexión sobre mensajes en medios digitales.,2026
4,"Saberes, Vidas y Mundos",Educación y Cultura Digital,50,"Participación activa, creativa, colaborativa y respetuosa en entornos digitales.",2026
5,"Saberes, Vidas y Mundos","Ciudadanía, Derechos Humanos y Participación",1,Convivencia escolar y social: resolución de conflictos a través del diálogo y la argumentación.,2026
5,"Saberes, Vidas y Mundos","Ciudadanía, Derechos Humanos y Participación",2,"Reconocimiento, respeto y valoración de la diversidad de identidades personales y proyectos de vida individuales y colectivos.",2026
5,"Saberes, Vidas y Mundos","Ciudadanía, Derechos Humanos y Participación",3,Convención sobre los Derechos del Niño y Convención sobre los Derechos de las Personas con Discapacidad: principios y aplicación cotidiana.,2026
5,"Saberes, Vidas y Mundos","Ciudadanía, Derechos Humanos y Participación",4,Reconocimiento de derechos y garantías de la Constitución Nacional desde la práctica cotidiana y la importancia de su respeto.,2026
5,"Saberes, Vidas y Mundos","Ciudadanía, Derechos Humanos y Participación",5,"Sistema democrático: participación, elecciones, libertad de expresión y derecho al reclamo.",2026
5,"Saberes, Vidas y Mundos","Ciudadanía, Derechos Humanos y Participación",6,Normas de convivencia: construcción colectiva y sentido para la vida comunitaria. Seguridad vial.,2026
5,"Saberes, Vidas y Mundos","Ciudadanía, Derechos Humanos y Participación",7,Reconocimiento de situaciones de vulneración de derechos y herramientas institucionales para su resolución.,2026
5,"Saberes, Vidas y Mundos","Ciudadanía, Derechos Humanos y Participación",8,Rol del Estado en la garantía de derechos: instituciones y mecanismos de protección.,2026
5,"Saberes, Vidas y Mundos","Ciudadanía, Derechos Humanos y Participación",9,Historia reciente y luchas sociales en la construcción de la ciudadanía.,2026
5,"Saberes, Vidas y Mundos","Ciudadanía, Derechos Humanos y Participación",10,Proyectos cooperativos y solidarios como formas de participación activa en la comunidad: cooperativas y mutuales escolares.,2026
5,"Saberes, Vidas y Mundos",Educación Intercultural,11,Reconocimiento de la diversidad cultural presente en la escuela y la comunidad.,2026
5,"Saberes, Vidas y Mundos",Educación Intercultural,12,Exploración de formas de organización familiar y comunitaria en distintas culturas y momentos históricos.,2026
5,"Saberes, Vidas y Mundos",Educación Intercultural,13,"Prácticas culturales en la alimentación, el juego, el cuidado y las celebraciones.",2026
5,"Saberes, Vidas y Mundos",Educación Intercultural,14,Saberes y lenguas de los pueblos originarios presentes en el territorio provincial.,2026
5,"Saberes, Vidas y Mundos",Educación Intercultural,15,Valoración del aporte de las comunidades migrantes a la vida social y cultural local.,2026
5,"Saberes, Vidas y Mundos",Educación Intercultural,16,"Narrativas, relatos y tradiciones orales como formas de transmisión cultural.",2026
5,"Saberes, Vidas y Mundos",Educación Intercultural,17,Reconocimiento de estereotipos culturales y promoción del respeto intercultural.,2026
5,"Saberes, Vidas y Mundos",Educación Intercultural,18,Conocimiento de expresiones artísticas vinculadas con diferentes cosmovisiones.,2026
5,"Saberes, Vidas y Mundos",Educación Intercultural,19,Diversidad de religiones y creencias: respeto por las distintas formas de espiritualidad.,2026
5,"Saberes, Vidas y Mundos",Educación Intercultural,20,Participación en proyectos que recuperen saberes comunitarios y promuevan el diálogo intercultural.,2026
5,"Saberes, Vidas y Mundos",Educación Sexual Integral,21,"Valoración de la afectividad en los vínculos, la verbalización de sentimientos y el diálogo en paridad.",2026
5,"Saberes, Vidas y Mundos",Educación Sexual Integral,22,Reconocimiento de la diversidad e identificación de prejuicios y sentimientos discriminatorios o desvalorizantes.,2026
5,"Saberes, Vidas y Mundos",Educación Sexual Integral,23,"Diálogo y reflexión sobre situaciones cotidianas de maltrato, abuso, violencia, discriminación y acoso entre pares.",2026
5,"Saberes, Vidas y Mundos",Educación Sexual Integral,24,"Equidad de género: distribución de tareas, roles, trato y oportunidades.",2026
5,"Saberes, Vidas y Mundos",Educación Sexual Integral,25,Identificación de estereotipos de género en la vida cotidiana y reflexión sobre sus efectos.,2026
5,"Saberes, Vidas y Mundos",Educación Sexual Integral,26,Diversidad familiar y vínculos afectivos: reconocimiento y respeto por las diferencias.,2026
5,"Saberes, Vidas y Mundos",Educación Sexual Integral,27,Derecho a la intimidad propia y ajena y herramientas de autoprotección ante interacciones que molestan o dañan. Acoso entre pares.,2026
5,"Saberes, Vidas y Mundos",Educación Sexual Integral,28,Derecho a recibir información clara y confiable sobre el cuidado del cuerpo.,2026
5,"Saberes, Vidas y Mundos",Educación Sexual Integral,29,"Cambios corporales, emocionales y sentimientos en la preadolescencia; mandatos sobre masculinidad y feminidad.",2026
5,"Saberes, Vidas y Mundos",Educación Sexual Integral,30,Identificación de indicadores de violencia de género y herramientas para solicitar asesoramiento y protección. Ley 27.234.,2026
5,"Saberes, Vidas y Mundos",Educación Ambiental Integral,31,Relaciones entre naturaleza y sociedad: desafíos de la convivencia ambiental.,2026
5,"Saberes, Vidas y Mundos",Educación Ambiental Integral,32,"Diversidad de bienes comunes naturales, culturales y sociales como patrimonio colectivo: cuidado, acceso equitativo y uso responsable.",2026
5,"Saberes, Vidas y Mundos",Educación Ambiental Integral,33,"Derecho de la niñez a crecer, aprender y desarrollarse plenamente en un ambiente sano: desafíos actuales.",2026
5,"Saberes, Vidas y Mundos",Educación Ambiental Integral,34,Acciones comunitarias que promueven el Compromiso Ambiental Intergeneracional. Art. 41 de la Constitución Nacional y Ley 27.621.,2026
5,"Saberes, Vidas y Mundos",Educación Ambiental Integral,35,Biodiversidad local y regional: protección de especies autóctonas y reconocimiento de especies exóticas.,2026
5,"Saberes, Vidas y Mundos",Educación Ambiental Integral,36,"Acciones comunitarias para cuidar el ambiente: huertas, producciones agroecológicas, campañas y jornadas de limpieza.",2026
5,"Saberes, Vidas y Mundos",Educación Ambiental Integral,37,"Prácticas para un futuro sostenible: reducción, reciclaje y reutilización de materiales de la vida cotidiana.",2026
5,"Saberes, Vidas y Mundos",Educación Ambiental Integral,38,"Educación alimentaria y nutricional: alimentación saludable, segura y sostenible.",2026
5,"Saberes, Vidas y Mundos",Educación Ambiental Integral,39,Reflexión sobre los hábitos de consumo y su impacto en el ambiente.,2026
5,"Saberes, Vidas y Mundos",Educación Ambiental Integral,40,Participación en proyectos escolares y comunitarios vinculados con el derecho a un ambiente sano.,2026
5,"Saberes, Vidas y Mundos",Educación y Cultura Digital,41,Ciudadanía digital democrática: respeto a la diversidad y prevención de violencia y discriminación.,2026
5,"Saberes, Vidas y Mundos",Educación y Cultura Digital,42,Reconocimiento de derechos y responsabilidades en la ciudadanía digital.,2026
5,"Saberes, Vidas y Mundos",Educación y Cultura Digital,43,Privacidad e intimidad en línea: distinción entre información pública y privada.,2026
5,"Saberes, Vidas y Mundos",Educación y Cultura Digital,44,Criterios para buscar y seleccionar información confiable en internet.,2026
5,"Saberes, Vidas y Mundos",Educación y Cultura Digital,45,"Inteligencia artificial en la vida cotidiana: usos, beneficios, limitaciones, posibles sesgos y riesgos.",2026
5,"Saberes, Vidas y Mundos",Educación y Cultura Digital,46,"Creación de contenidos digitales con fines educativos, expresivos y creativos.",2026
5,"Saberes, Vidas y Mundos",Educación y Cultura Digital,47,"Identificación de vulneraciones de derechos en línea: ciberacoso, grooming y delitos informáticos.",2026
5,"Saberes, Vidas y Mundos",Educación y Cultura Digital,48,"Acceso, uso y producción de contenidos en entornos digitales escolares.",2026
5,"Saberes, Vidas y Mundos",Educación y Cultura Digital,49,Alfabetización mediática: análisis crítico y reflexión sobre mensajes en medios digitales.,2026
5,"Saberes, Vidas y Mundos",Educación y Cultura Digital,50,"Participación activa, creativa, colaborativa y respetuosa en entornos digitales.",2026
6,"Saberes, Vidas y Mundos","Ciudadanía, Derechos Humanos y Participación",1,Convivencia escolar y social: resolución de conflictos a través del diálogo y la argumentación.,2026
6,"Saberes, Vidas y Mundos","Ciudadanía, Derechos Humanos y Participación",2,"Reconocimiento, respeto y valoración de la diversidad de identidades personales y proyectos de vida individuales y colectivos.",2026
6,"Saberes, Vidas y Mundos","Ciudadanía, Derechos Humanos y Participación",3,Convención sobre los Derechos del Niño y Convención sobre los Derechos de las Personas con Discapacidad: principios y aplicación cotidiana.,2026
6,"Saberes, Vidas y Mundos","Ciudadanía, Derechos Humanos y Participación",4,Reconocimiento de derechos y garantías de la Constitución Nacional desde la práctica cotidiana y la importancia de su respeto.,2026
6,"Saberes, Vidas y Mundos","Ciudadanía, Derechos Humanos y Participación",5,"Sistema democrático: participación, elecciones, libertad de expresión y derecho al reclamo.",2026
6,"Saberes, Vidas y Mundos","Ciudadanía, Derechos Humanos y Participación",6,Normas de convivencia: construcción colectiva y sentido para la vida comunitaria. Seguridad vial.,2026
6,"Saberes, Vidas y Mundos","Ciudadanía, Derechos Humanos y Participación",7,Reconocimiento de situaciones de vulneración de derechos y herramientas institucionales para su resolución.,2026
6,"Saberes, Vidas y Mundos","Ciudadanía, Derechos Humanos y Participación",8,Rol del Estado en la garantía de derechos: instituciones y mecanismos de protección.,2026
6,"Saberes, Vidas y Mundos","Ciudadanía, Derechos Humanos y Participación",9,Historia reciente y luchas sociales en la construcción de la ciudadanía.,2026
6,"Saberes, Vidas y Mundos","Ciudadanía, Derechos Humanos y Participación",10,Proyectos cooperativos y solidarios como formas de participación activa en la comunidad: cooperativas y mutuales escolares.,2026
6,"Saberes, Vidas y Mundos",Educación Intercultural,11,Reconocimiento de la diversidad cultural presente en la escuela y la comunidad.,2026
6,"Saberes, Vidas y Mundos",Educación Intercultural,12,Exploración de formas de organización familiar y comunitaria en distintas culturas y momentos históricos.,2026
6,"Saberes, Vidas y Mundos",Educación Intercultural,13,"Prácticas culturales en la alimentación, el juego, el cuidado y las celebraciones.",2026
6,"Saberes, Vidas y Mundos",Educación Intercultural,14,Saberes y lenguas de los pueblos originarios presentes en el territorio provincial.,2026
6,"Saberes, Vidas y Mundos",Educación Intercultural,15,Valoración del aporte de las comunidades migrantes a la vida social y cultural local.,2026
6,"Saberes, Vidas y Mundos",Educación Intercultural,16,"Narrativas, relatos y tradiciones orales como formas de transmisión cultural.",2026
6,"Saberes, Vidas y Mundos",Educación Intercultural,17,Reconocimiento de estereotipos culturales y promoción del respeto intercultural.,2026
6,"Saberes, Vidas y Mundos",Educación Intercultural,18,Conocimiento de expresiones artísticas vinculadas con diferentes cosmovisiones.,2026
6,"Saberes, Vidas y Mundos",Educación Intercultural,19,Diversidad de religiones y creencias: respeto por las distintas formas de espiritualidad.,2026
6,"Saberes, Vidas y Mundos",Educación Intercultural,20,Participación en proyectos que recuperen saberes comunitarios y promuevan el diálogo intercultural.,2026
6,"Saberes, Vidas y Mundos",Educación Sexual Integral,21,"Valoración de la afectividad en los vínculos, la verbalización de sentimientos y el diálogo en paridad.",2026
6,"Saberes, Vidas y Mundos",Educación Sexual Integral,22,Reconocimiento de la diversidad e identificación de prejuicios y sentimientos discriminatorios o desvalorizantes.,2026
6,"Saberes, Vidas y Mundos",Educación Sexual Integral,23,"Diálogo y reflexión sobre situaciones cotidianas de maltrato, abuso, violencia, discriminación y acoso entre pares.",2026
6,"Saberes, Vidas y Mundos",Educación Sexual Integral,24,"Equidad de género: distribución de tareas, roles, trato y oportunidades.",2026
6,"Saberes, Vidas y Mundos",Educación Sexual Integral,25,Identificación de estereotipos de género en la vida cotidiana y reflexión sobre sus efectos.,2026
6,"Saberes, Vidas y Mundos",Educación Sexual Integral,26,Diversidad familiar y vínculos afectivos: reconocimiento y respeto por las diferencias.,2026
6,"Saberes, Vidas y Mundos",Educación Sexual Integral,27,Derecho a la intimidad propia y ajena y herramientas de autoprotección ante interacciones que molestan o dañan. Acoso entre pares.,2026
6,"Saberes, Vidas y Mundos",Educación Sexual Integral,28,Derecho a recibir información clara y confiable sobre el cuidado del cuerpo.,2026
6,"Saberes, Vidas y Mundos",Educación Sexual Integral,29,"Cambios corporales, emocionales y sentimientos en la preadolescencia; mandatos sobre masculinidad y feminidad.",2026
6,"Saberes, Vidas y Mundos",Educación Sexual Integral,30,Identificación de indicadores de violencia de género y herramientas para solicitar asesoramiento y protección. Ley 27.234.,2026
6,"Saberes, Vidas y Mundos",Educación Ambiental Integral,31,Relaciones entre naturaleza y sociedad: desafíos de la convivencia ambiental.,2026
6,"Saberes, Vidas y Mundos",Educación Ambiental Integral,32,"Diversidad de bienes comunes naturales, culturales y sociales como patrimonio colectivo: cuidado, acceso equitativo y uso responsable.",2026
6,"Saberes, Vidas y Mundos",Educación Ambiental Integral,33,"Derecho de la niñez a crecer, aprender y desarrollarse plenamente en un ambiente sano: desafíos actuales.",2026
6,"Saberes, Vidas y Mundos",Educación Ambiental Integral,34,Acciones comunitarias que promueven el Compromiso Ambiental Intergeneracional. Art. 41 de la Constitución Nacional y Ley 27.621.,2026
6,"Saberes, Vidas y Mundos",Educación Ambiental Integral,35,Biodiversidad local y regional: protección de especies autóctonas y reconocimiento de especies exóticas.,2026
6,"Saberes, Vidas y Mundos",Educación Ambiental Integral,36,"Acciones comunitarias para cuidar el ambiente: huertas, producciones agroecológicas, campañas y jornadas de limpieza.",2026
6,"Saberes, Vidas y Mundos",Educación Ambiental Integral,37,"Prácticas para un futuro sostenible: reducción, reciclaje y reutilización de materiales de la vida cotidiana.",2026
6,"Saberes, Vidas y Mundos",Educación Ambiental Integral,38,"Educación alimentaria y nutricional: alimentación saludable, segura y sostenible.",2026
6,"Saberes, Vidas y Mundos",Educación Ambiental Integral,39,Reflexión sobre los hábitos de consumo y su impacto en el ambiente.,2026
6,"Saberes, Vidas y Mundos",Educación Ambiental Integral,40,Participación en proyectos escolares y comunitarios vinculados con el derecho a un ambiente sano.,2026
6,"Saberes, Vidas y Mundos",Educación y Cultura Digital,41,Ciudadanía digital democrática: respeto a la diversidad y prevención de violencia y discriminación.,2026
6,"Saberes, Vidas y Mundos",Educación y Cultura Digital,42,Reconocimiento de derechos y responsabilidades en la ciudadanía digital.,2026
6,"Saberes, Vidas y Mundos",Educación y Cultura Digital,43,Privacidad e intimidad en línea: distinción entre información pública y privada.,2026
6,"Saberes, Vidas y Mundos",Educación y Cultura Digital,44,Criterios para buscar y seleccionar información confiable en internet.,2026
6,"Saberes, Vidas y Mundos",Educación y Cultura Digital,45,"Inteligencia artificial en la vida cotidiana: usos, beneficios, limitaciones, posibles sesgos y riesgos.",2026
6,"Saberes, Vidas y Mundos",Educación y Cultura Digital,46,"Creación de contenidos digitales con fines educativos, expresivos y creativos.",2026
6,"Saberes, Vidas y Mundos",Educación y Cultura Digital,47,"Identificación de vulneraciones de derechos en línea: ciberacoso, grooming y delitos informáticos.",2026
6,"Saberes, Vidas y Mundos",Educación y Cultura Digital,48,"Acceso, uso y producción de contenidos en entornos digitales escolares.",2026
6,"Saberes, Vidas y Mundos",Educación y Cultura Digital,49,Alfabetización mediática: análisis crítico y reflexión sobre mensajes en medios digitales.,2026
6,"Saberes, Vidas y Mundos",Educación y Cultura Digital,50,"Participación activa, creativa, colaborativa y respetuosa en entornos digitales.",2026
7,"Saberes, Vidas y Mundos","Ciudadanía, Derechos Humanos y Participación",1,Análisis ético de situaciones conflictivas considerando la diversidad de posturas y su construcción argumentativa.,2026
7,"Saberes, Vidas y Mundos","Ciudadanía, Derechos Humanos y Participación",2,"La democracia como ordenamiento político y forma de vida: instituciones, normas y participación cotidiana.",2026
7,"Saberes, Vidas y Mundos","Ciudadanía, Derechos Humanos y Participación",3,Los Derechos Humanos como construcción histórica resultante de luchas sociales en la historia reciente.,2026
7,"Saberes, Vidas y Mundos","Ciudadanía, Derechos Humanos y Participación",4,Educación vial como posibilitadora de la convivencia en la vía pública para peatones y usuarios de transportes.,2026
7,"Saberes, Vidas y Mundos","Ciudadanía, Derechos Humanos y Participación",5,Construcción normativa: implicancias y determinaciones en el proceso de construcción de ciudadanía.,2026
7,"Saberes, Vidas y Mundos","Ciudadanía, Derechos Humanos y Participación",6,Identificación y reflexión sobre discursos sociales que naturalizan la desigualdad o la violencia.,2026
7,"Saberes, Vidas y Mundos","Ciudadanía, Derechos Humanos y Participación",7,"Símbolos y prácticas que representan identidades grupales, locales, regionales y nacionales.",2026
7,"Saberes, Vidas y Mundos","Ciudadanía, Derechos Humanos y Participación",8,Formas de organización ciudadana y su relación con la participación democrática.,2026
7,"Saberes, Vidas y Mundos","Ciudadanía, Derechos Humanos y Participación",9,"Nociones de poder en las relaciones sociales, discursos cotidianos y conflictos escolares y sociales.",2026
7,"Saberes, Vidas y Mundos","Ciudadanía, Derechos Humanos y Participación",10,"Fundamento y sentido de valores como justicia, igualdad, libertad, diversidad, solidaridad y paz.",2026
7,"Saberes, Vidas y Mundos",Educación Intercultural,11,Diversidad lingüística en el territorio santafesino: toponimia y lenguas originarias.,2026
7,"Saberes, Vidas y Mundos",Educación Intercultural,12,Prácticas y saberes comunitarios expresados mediante diferentes formas de comunicación y escritura.,2026
7,"Saberes, Vidas y Mundos",Educación Intercultural,13,Aportes históricos y actuales de los pueblos originarios a la vida social y cultural.,2026
7,"Saberes, Vidas y Mundos",Educación Intercultural,14,Expresiones culturales vinculadas con cosmovisiones originarias y afrodescendientes.,2026
7,"Saberes, Vidas y Mundos",Educación Intercultural,15,Transmisión oral como forma de producción y preservación de la memoria colectiva.,2026
7,"Saberes, Vidas y Mundos",Educación Intercultural,16,"Diversidad de modos de vida, espiritualidades y expresiones simbólicas en distintos territorios.",2026
7,"Saberes, Vidas y Mundos",Educación Intercultural,17,"Participación política, económica y social de mujeres indígenas y afrodescendientes a lo largo del tiempo.",2026
7,"Saberes, Vidas y Mundos",Educación Intercultural,18,Narrativas escolares y comunitarias que reconocen la pluralidad cultural en clave no esencialista.,2026
7,"Saberes, Vidas y Mundos",Educación Intercultural,19,Relación entre identidad cultural y organización comunitaria en contextos locales.,2026
7,"Saberes, Vidas y Mundos",Educación Intercultural,20,"Vínculos entre juegos, relatos y producciones culturales de origen diverso en clave histórica.",2026
7,"Saberes, Vidas y Mundos",Educación Sexual Integral,21,Sexualidad integral en clave histórica y cultural: encuentro con pares y mandatos sobre masculinidad y feminidad.,2026
7,"Saberes, Vidas y Mundos",Educación Sexual Integral,22,Identificación de estereotipos de género y mandatos socioculturales en la vida cotidiana. Leyes nacionales.,2026
7,"Saberes, Vidas y Mundos",Educación Sexual Integral,23,"Derechos sexuales, autonomía corporal progresiva y protección ante discriminación, violencia, maltrato y acoso.",2026
7,"Saberes, Vidas y Mundos",Educación Sexual Integral,24,"Cuidado de la salud sexual, prevención de infecciones de transmisión sexual y dimensiones del embarazo.",2026
7,"Saberes, Vidas y Mundos",Educación Sexual Integral,25,"Sexting, intimidad y cuidado en entornos digitales: herramientas para la protección.",2026
7,"Saberes, Vidas y Mundos",Educación Sexual Integral,26,"Diversidad en las personas: apariencia física, orientación sexual e identidad de género.",2026
7,"Saberes, Vidas y Mundos",Educación Sexual Integral,27,Prácticas que garantizan igualdad de oportunidades y trato para mujeres y varones.,2026
7,"Saberes, Vidas y Mundos",Educación Sexual Integral,28,"Vínculos socioafectivos con pares, familias y relaciones de pareja.",2026
7,"Saberes, Vidas y Mundos",Educación Sexual Integral,29,"Trata de personas, explotación, violencia de género, asesoramiento y protección. Ley 27.234.",2026
7,"Saberes, Vidas y Mundos",Educación Sexual Integral,30,"Ley 27.736/23 (Ley Olimpia), Ley 14.297/24 (Ley Chachi) y Ley 27.499/19 (Ley Micaela): prevención de la violencia digital y de género.",2026
7,"Saberes, Vidas y Mundos",Educación Ambiental Integral,31,Análisis de conflictos ambientales y estrategias ciudadanas para abordarlos. Ley 27.592 (Ley Yolanda).,2026
7,"Saberes, Vidas y Mundos",Educación Ambiental Integral,32,Derecho a un ambiente sano: problemáticas locales y marcos legales. Tratado de Escazú.,2026
7,"Saberes, Vidas y Mundos",Educación Ambiental Integral,33,Origen y producción de bienes: consumo informado y soberanía del consumidor.,2026
7,"Saberes, Vidas y Mundos",Educación Ambiental Integral,34,Movilidad sustentable: alternativas de circulación e impactos ambientales asociados.,2026
7,"Saberes, Vidas y Mundos",Educación Ambiental Integral,35,"Energía en la vida cotidiana: fuentes tradicionales y emergentes, impactos ambientales y uso responsable.",2026
7,"Saberes, Vidas y Mundos",Educación Ambiental Integral,36,Protección de especies y biodiversidad: flora y fauna autóctona y exótica; tráfico ilegal de especies.,2026
7,"Saberes, Vidas y Mundos",Educación Ambiental Integral,37,Proyectos comunitarios de sustentabilidad y participación juvenil en acciones ambientales locales y globales.,2026
7,"Saberes, Vidas y Mundos",Educación Ambiental Integral,38,Relación entre saberes ancestrales y prácticas de cuidado ambiental.,2026
7,"Saberes, Vidas y Mundos",Educación Ambiental Integral,39,"Residuos y economía circular: reducción, clasificación, reutilización y reciclaje responsable.",2026
7,"Saberes, Vidas y Mundos",Educación Ambiental Integral,40,"Educación alimentaria y nutricional: alimentación saludable, segura y sostenible.",2026
7,"Saberes, Vidas y Mundos",Educación y Cultura Digital,41,Ciudadanía digital: derechos y responsabilidades en entornos virtuales.,2026
7,"Saberes, Vidas y Mundos",Educación y Cultura Digital,42,Privacidad y seguridad digital: resguardo de datos personales y protección de la identidad.,2026
7,"Saberes, Vidas y Mundos",Educación y Cultura Digital,43,Marco legal argentino sobre acceso a tecnología y protección de datos personales. Ley 25.326.,2026
7,"Saberes, Vidas y Mundos",Educación y Cultura Digital,44,Huella digital activa y pasiva y consecuencias de las acciones en línea.,2026
7,"Saberes, Vidas y Mundos",Educación y Cultura Digital,45,"Veracidad de la información digital: análisis de fuentes, noticias falsas y discursos engañosos.",2026
7,"Saberes, Vidas y Mundos",Educación y Cultura Digital,46,"Análisis crítico de contenidos digitales: sesgos, estereotipos, prejuicios y posicionamientos ideológicos.",2026
7,"Saberes, Vidas y Mundos",Educación y Cultura Digital,47,Entornos digitales como espacios de construcción de subjetividades y reflexión crítica.,2026
7,"Saberes, Vidas y Mundos",Educación y Cultura Digital,48,Participación responsable y producción de contenidos en plataformas dentro de la convivencia democrática.,2026
7,"Saberes, Vidas y Mundos",Educación y Cultura Digital,49,Cuidado de la privacidad y la confianza en los entornos digitales.,2026
7,"Saberes, Vidas y Mundos",Educación y Cultura Digital,50,Vacíos legales frente a tecnologías digitales emergentes y su impacto social.,2026
